CODE,NAME_EN,LEVEL,PARENT_CODE,InclusionNote
01.1.1.2,Flours and other cereals,4,01.1.1,"Includes:\r\n- maize, wheat, barley, oats, rye and other cereals in the form of grain, flour or meal\r\n- rice flour"
01.1.1.4,Other bakery products,4,01.1.1,"Includes:\r\n- crisp bread, rusks, toasted bread, biscuits, gingerbread, wafers, waffles, crumpets, muffins, croissants, cakes, tarts, sweet pies"
01.1.1.5,Pizza and quiche,4,01.1.1,"Includes: \r\n- farinaceous-based (flour based) products prepared with meat, fish, seafood, cheese, vegetables or fruit"
01.1.1.6,Pasta products and couscous,4,01.1.1,"Includes:\r\n- ravioli, cannelloni, lasagne etc.\r\n- pasta products in all forms\r\n- couscous, including prepared dishes made basically of pasta or couscous"
01.1.1.8,Other cereal products,4,01.1.1,"Includes:\r\n- mixes and doughs for the preparation of bakery products\r\n- other cereal products (malt, malt flour, malt extract, potato starch, tapioca, sago and other starches)"
01.1.2.4,Poultry,4,01.1.2,"Includes:\r\n- fresh, chilled or frozen meat of poultry (chicken, duck, goose, turkey, guinea fowl etc.)\r\n- poultry purchased live for consumption as food\r\n\r\nAlso includes: \r\n- minced meat made of poultry"
01.1.2.7,"Dried, salted or smoked meat",4,01.1.2,"Includes:\r\n- dried, salted or smoked meat (sausages, salami, bacon, ham, etc.)"
01.1.2.8,Other meat preparations,4,01.1.2,"Includes:\r\n- other preserved or processed meat and meat-based preparations (canned meat, meat extracts, meat juices, meat pies, etc.)\r\n- dumplings, filled pancakes with meat\r\n- minced meat, raw or prepared if mixed meat from more than one kind of minced meat\r\n- all kind of pâté, including liver pâté"
01.1.3.1,Fresh or chilled fish,4,01.1.3,Includes:\r\n- fresh or chilled fish\r\n- fish purchased live for consumption as food
01.1.3.2,Frozen fish,4,01.1.3,Includes:\r\n- frozen fish
01.1.3.3,Fresh or chilled seafood,4,01.1.3,"Includes:\r\n- fresh or chilled seafood (crustaceans, molluscs and other shellfish, sea snails)\r\n- seafood purchased live for consumption as food\r\n\r\nAlso includes: \r\n- land crabs, land snails and frogs"
01.1.3.4,Frozen seafood,4,01.1.3,Includes:\r\n- frozen seafood
01.1.3.6,Other preserved or processed fish and seafood-based preparations,4,01.1.3,"Includes:\r\n- other preserved or processed fish and seafood and fish and seafood-based preparations (canned fish and seafood, caviar and other hard roes, fish pies, battered fish, etc.)\r\n- dumplings, filled pancakes with fish"
01.1.4.4,Yoghurt,4,01.1.4,"Includes:\r\n- yoghurt containing or not sugar, cocoa, fruit or flavourings"
01.1.4.5,Cheese and curd,4,01.1.4,"Includes:\r\n- hard, semi-hard, blue cheese, cottage cheese, mozzarella, fromage blanc"""""
01.1.4.6,Other milk products,4,01.1.4,"Includes:\r\n- cream, milk-based desserts, milk-based beverages and other similar milk-based products\r\n- dairy products not based on milk such as soya milk"
01.1.5.2,Margarine and other vegetable fats,4,01.1.5,Includes:\r\n- margarine (including diet margarine) and other vegetable fats (including peanut butter)
01.1.5.3,Olive oil,4,01.1.5,Includes:\r\n- olive oil
01.1.5.4,Other edible oils,4,01.1.5,"Includes:\r\n- other edible oils (corn oil, sunflower-seed oil, cottonseed oil, soybean oil, groundnut oil, walnut oil, etc.)"
01.1.5.5,Other edible animal fats,4,01.1.5,"Includes:\r\n- edible animal fats (lard, etc.)"
01.1.6.2,Frozen fruit,4,01.1.6,Includes:\r\n- frozen fruit\r\n- frozen berries
01.1.6.3,Dried fruit and nuts,4,01.1.6,"Includes:\r\n- dried fruit, fruit peel, fruit kernels\r\n- nuts and edible seeds\r\n- dry berries"
01.1.7.2,Frozen vegetables other than potatoes and other tubers,4,01.1.7,"Includes:\r\n- frozen vegetables cultivated for their leaves or stalks (asparagus, broccoli, cauliflower, endives, fennel, spinach, etc.), for their fruit (aubergines, cucumbers, courgettes, green peppers, pumpkins, tomatoes, etc.) and for their roots (beetroots, carrots, onions, parsnips, radishes, turnips, etc.)"
01.1.7.3,"Dried vegetables, other preserved or processed vegetables",4,01.1.7,"Includes:\r\n- vegetable-based products, dietary preparations and culinary ingredients based exclusively on vegetables\r\n- mixtures of vegetables \r\n- canned or tinned vegetables\r\n- pulses"
01.1.7.6,Other tubers and products of tuber vegetables,4,01.1.7,"Includes:\r\n- manioc, arrowroot, cassava, sweet potatoes, etc.\r\n- products of tuber vegetables (flours, meals, flakes, purées)"
01.1.8.1,Sugar,4,01.1.8,"Includes:\r\n- cane or beet sugar, unrefined or refined, powdered, crystallized or in lumps"
01.1.8.2,"Jams, marmalades and honey",4,01.1.8,"Includes:\r\n- jams, marmalades, compotes, jellies, fruit purées and pastes, natural and artificial honey, maple syrup, molasses and parts of plants preserved in sugar"
01.1.8.4,Confectionery products,4,01.1.8,"Includes:\r\n- chewing gum, sweets, toffees, pastilles and other confectionery products"
01.1.8.6,Artificial sugar substitutes,4,01.1.8,Includes:\r\n- artificial sugar substitutes
01.1.9.1,"Sauces, condiments",4,01.1.9,"Includes:\r\n- sauces, condiments, seasonings (mustard, mayonnaise, ketchup, soy sauce, etc.), vinegar"
01.1.9.2,"Salt, spices and culinary herbs",4,01.1.9,"Includes:\r\n- salt, spices (pepper, pimento, ginger, etc.), culinary herbs (parsley, rosemary, thyme, etc.)"
01.1.9.4,Ready-made meals,4,01.1.9,"Includes:\r\n- ready-to-eat dishes (tinned food, frozen food or meals prepared in the day), irrespective of the composition, are classified in this category when the price only covers the cost of the product\r\n- sandwiches"
01.1.9.9,Other food products n.e.c.,4,01.1.9,"Includes:\r\n- prepared baking powders, baker's yeast, dessert preparations, soups, broths, stocks, culinary ingredients, etc.\r\n- dietary preparations irrespective of the composition"
01.2.1.2,Tea,4,01.2.1,"Includes:\r\n- tea, maté and other plant products for infusions\r\n\r\nAlso includes: \r\n- tea substitutes\r\n- extracts and essences of tea"
01.2.2.1,Mineral or spring waters,4,01.2.2,Includes:\r\n- mineral or spring waters\r\n- all drinking water sold in containers
01.2.2.3,Fruit and vegetable juices,4,01.2.2,Includes:\r\n- fruit and vegetable juices\r\n- syrups and concentrates for the preparation of beverages
02.1.2.2,Wine from other fruits,4,02.1.2,"Includes:\r\n- cider and perry, including sake"
02.1.2.4,Wine-based drinks,4,02.1.2,"Includes: \r\n- wine-based aperitifs, non-alcoholic wine"
02.1.3.2,Other alcoholic beer,4,02.1.3,"Includes:\r\n- Ale beers\r\n\r\nAlso includes: \r\n- hybrid or mixed style beers, such as Altbier and Kölsch, steam beers, fruit and vegetable beers, herb and spiced beers, wood-aged beers, smoked beers or champagne style beers"
02.1.3.3,Low and non-alcoholic beer,4,02.1.3,Includes:\r\n- low alcoholic beer do not have an harmonised % ABV in all EU Member States but it should be around less than 1% ABV
02.2.0.2,Cigars,4,02.2.0,Includes:\r\n- cigars
02.2.0.3,Other tobacco products,4,02.2.0,"Includes:\r\n- pipe tobacco, chewing tobacco or snuff\r\n- cigarette tobacco and cigarette paper"
03.1.2.1,Garments for men,4,03.1.2,"Includes:\r\n- garments for men, either ready-to-wear or made-to-measure, in all materials (including leather, furs, plastics and rubber), for everyday wear, for sport or for work:\r\n  • capes, overcoats, raincoats, anoraks, parkas, jackets, trousers, waistcoats, suits, costumes, etc.\r\n  • shirts, pullovers, sweaters, cardigans, shorts, swimsuits, tracksuits, jogging suits, sweatshirts, T-shirts, leotards, etc.\r\n  • vests, underpants, socks etc.\r\n- pyjamas, housecoats, dressing gowns, bathrobes, etc."
03.1.2.3,Garments for infants (0 to 2 years) and children (3 to 13 years),4,03.1.2,"Includes:\r\n- garments for infants (0 to 2 years), either ready-to-wear or made-to-measure, in all materials (including leather, furs, plastics and rubber), for everyday wear, for sport\r\n- baby clothes and babies' booties made of fabric\r\n- garments for children (3 to 13 years), either ready-to-wear or made-to-measure, in all materials (including leather, furs, plastics and rubber), for everyday wear, for sport:\r\n  • capes, overcoats, raincoats, anoraks, parkas, blousons, jackets, trousers, waistcoats, suits, costumes, dresses, skirts, etc.\r\n  • shirts, blouses, pullovers, sweaters, cardigans, shorts, swimsuits, tracksuits, jogging suits, sweatshirts, T-shirts, leotards, etc.\r\n  • vests, underpants, socks, stockings, tights, petticoats, brassieres, knickers, slips etc.\r\n- pyjamas, nightshirts, nightdresses, housecoats, dressing gowns, bathrobes, etc."
03.2.1.1,Footwear for men,4,03.2.1,"Includes:\r\n- all footwear for men\r\n\r\nAlso includes\r\n- shoelaces\r\n- parts of footwear, such as heels, soles, etc., purchased by households with the intention of repairing footwear themselves\r\n- sports footwear suitable for everyday or leisure wear (shoes for jogging, cross-training, tennis, basket ball, boating, etc.)"
03.2.1.3,Footwear for infants and children,4,03.2.1,"Includes:\r\n- all footwear for children (3 to 13 years) and infants (0 to 2 years)\r\n\r\nAlso includes: \r\n- gaiters, leggings and similar articles\r\n- shoelaces\r\n- parts of footwear, such as heels, soles, etc., purchased by households with the intention of repairing footwear themselves\r\n- sports footwear suitable for everyday or leisure wear (shoes for jogging, cross-training, tennis, basket ball, boating, etc.)"
04.1.1.0,Actual rentals paid by tenants,4,04.1.1,Includes:\r\n- rentals actually paid by tenants or subtenants occupying unfurnished or furnished premises as their main residence\r\n\r\nAlso includes: \r\n- payments by households occupying a room in a hotel or boarding house as their main residence
04.1.2.1,Actual rentals paid by tenants for secondary residences,4,04.1.2,Includes:\r\n- rentals actually paid for secondary residences
04.1.2.2,Garage rentals and other rentals paid by tenants,4,04.1.2,"Rentals also include payment for the use of a garage to provide parking in connection with the dwelling. The garage does not have to be physically contiguous to the dwelling, nor does it have to be leased from the same landlord."
04.3.1.0,Materials for the maintenance and repair of the dwelling,4,04.3.1,"Includes:\r\n- products and materials, such as paints and varnishes, renderings, wallpapers, fabric wall coverings, window panes, plaster, cement, putty, wallpaper pastes, etc., purchased for minor maintenance and repair of the dwelling\r\n\r\nAlso includes:\r\n- small plumbing items (pipes, taps, joints, etc.), surfacing materials (floorboards, ceramic tiles, etc.) and brushes and scrapers for paint, varnish and wallpaper"
04.3.2.1,Services of plumbers,4,04.3.2,"Includes:\r\n- assembly, installation, repair and maintenance of pipe systems, drains, gutters, ducts, mechanical services and related fittings and fixtures for water, gas"
04.3.2.2,Services of electricians,4,04.3.2,Includes:\r\n- maintenance and repair electrical wiring systems and related equipment and fixtures
04.3.2.3,Maintenance services for heating systems,4,04.3.2,Includes:\r\n- maintenance and repair of heating systems
04.4.3.0,Sewage collection,4,04.4.3,Includes:\r\n- sewage collection and disposal
04.4.4.1,Maintenance charges in multi-occupied buildings,4,04.4.4,"Includes:\r\n- co-proprietor charges for caretaking, gardening, stairwell cleaning, heating and lighting, maintenance of lifts and refuse disposal chutes, etc. in multi-occupied buildings"
04.4.4.2,Security services,4,04.4.4,Includes:\r\n- security services
04.4.4.9,Other services related to dwelling,4,04.4.4,Includes:\r\n- road cleaning and chimney sweeping\r\n \r\nAlso includes:\r\n- snow removal
04.5.2.2,"Liquefied hydrocarbons (butane, propane, etc.)",4,04.5.2,"Includes: \r\n- associated expenditure such as storage containers, standing charges, etc."
04.5.3.0,Liquid fuels,4,04.5.3,Includes:\r\n- domestic heating and lighting oils
04.5.4.9,Other solid fuels,4,04.5.4,"Includes:\r\n- coke, briquettes, pellets, firewood, charcoal, peat and the like"
05.1.1.3,Lighting equipment,4,05.1.1,"Includes:\r\n- lighting equipment such as ceiling lights, standard lamps, globe lights and bedside lamps"
05.1.2.1,Carpets and rugs,4,05.1.2,"Includes:\r\n- loose carpets, fitted carpets"
05.1.3.0,"Repair of furniture, furnishings and floor coverings",4,05.1.3,"Includes:\r\n- repair of furniture, furnishings and floor coverings\r\n\r\nAlso includes:\r\n- total value of the service (that is, both the cost of labour and the cost of materials are covered)\r\n- restoration of works of art, antique furniture and antique floor coverings other than those acquired primarily as stores of value (capital formation)"
05.2.0.2,Bed linen,4,05.2.0,"Includes:\r\n- bed linen such as sheets, pillowcases, blankets, travelling rugs, plaids, eiderdowns, counterpanes and mosquito nets"
05.2.0.3,Table linen and bathroom linen,4,05.2.0,"Includes:\r\n- table linen and bathroom linen such as tablecloths, table napkins, towels and face cloths"
05.2.0.4,Repair of household textiles,4,05.2.0,Includes:\r\n- repair of household textiles
05.3.1.1,"Refrigerators, freezers and fridge-freezers",4,05.3.1,Includes: \r\n- refrigerators and dual temperature refrigerators
05.3.1.2,"Clothes washing machines, clothes drying machines and dish washing machines",4,05.3.1,"Includes: \r\n- drum dryers, drying cabinets, drying radiators"
05.3.1.9,Other major household appliances,4,05.3.1,"Includes:\r\n- other major household appliances such as safes, sewing machines, knitting machines, water softeners, etc."
05.3.2.9,Other small electric household appliances,4,05.3.2,Includes:\r\n- coffee mills\r\n- juice extractors\r\n- can-openers\r\n- deep fryers\r\n- knives\r\n- ice cream makers\r\n- sorbet makers\r\n- yoghurt makers\r\n- hotplates\r\n- fans\r\n- electric blankets
05.3.3.0,Repair of household appliances,4,05.3.3,"Includes:\r\n- repair of household appliances\r\n\r\nAlso includes:\r\n- total value of the service (that is, both the cost of labour and the cost of materials are covered)\r\n- charges for the leasing or rental of major household appliances"
05.4.0.1,"Glassware, crystal-ware, ceramic ware and chinaware",4,05.4.0,"Includes:\r\n- glassware, crystal ware, ceramic ware and china ware of the kind used for table, kitchen, bathroom, toilet, office and indoor decoration"
05.5.1.1,Motorised major tools and equipment,4,05.5.1,"Includes:\r\n- electric drills, percussion drill, electric saws, electric sanders\r\n- garden tractors, chain saws, lawn movers, clipper for lawn, hedge cutters, cultivators\r\n- water pumps"
05.5.2.1,Non-motorised small tools,4,05.5.2,"Includes:\r\n- saws, hammers, screwdriver, wrenches, spanners, pliers, trimming knives, rasps and files\r\n- power shears, wheelbarrows, watering cans, hoses, spades, shovels, rakes, forks and secateurs\r\n- ladders and steps"
05.5.2.2,Miscellaneous small tool accessories,4,05.5.2,"Includes:\r\n- door fittings (hinges, handles and locks), fittings for radiators and fireplaces, other metal articles for the house (curtain rails, carpet rods, hooks, etc.) or for the garden (chains, grids, stakes and hoop segments for fencing and bordering)\r\n- power sockets, switches, wiring flex, light bulbs, fluorescent lighting tubes, torches, flashlights, hand-lamps, batteries, bells, alarms and outdoor lights"
05.5.2.3,Repair of non-motorised small tools and miscellaneous accessories,4,05.5.2,Includes:\r\n- repair of non-motorised small tools and miscellaneous accessories
05.6.1.1,Cleaning and maintenance products,4,05.6.1,"Includes:\r\n- detergents, dishwashing, machine dishwashing detergent, scouring powders, disinfectant bleaches, softeners, conditioners, stain remover\r\n- general purpose cleanser, window-cleaning products, unblocking agents, disinfectants\r\n- floor wax, polishes\r\n- polishes, creams and other shoe-cleaning articles (shoe brush)\r\n- insecticides, fungicides, distilled water"
05.6.1.2,Other non-durable small household articles,4,05.6.1,"Includes:\r\n- dustpans and dust brushes, dusters\r\n- cloths, floor cloths, chamois leathers\r\n- dish brush, household sponges, scourers, steel wool\r\n- filters, tablecloths and table napkins, kitchen paper, baking parchment roll, kitchen film, aluminium foil, doily\r\n- disposable plates, cups and cutlery\r\n- vacuum cleaner bags\r\n- candles, lamp wicks, methylated spirits, plastic bags, garbage bags\r\n- matches, clothes pegs, clothes hangers, pins, safety pins, sewing needles, knitting needles, thimbles, nails, screws, nuts and bolts, tacks, washers, glues and adhesive tapes for household use, string, twine and rubber gloves"
05.6.2.1,Domestic services by paid staff,4,05.6.2,"Includes:\r\n- domestic services supplied by butlers, cooks, maids, drivers, gardeners, governesses, secretaries, tutors, au pairs, babysitters\r\n\r\nAlso includes:\r\n- house-maids that iron household linen and clothes in the family residence\r\n- household services provided by self-employed or enterprises"
05.6.2.3,Hire of furniture and furnishings,4,05.6.2,"Includes: \r\n- hire of carpets, household equipment and household linen"
06.1.1.0,Pharmaceutical products,4,06.1.1,"Includes:\r\n- medicinal preparations, medicinal drugs, patent medicines, serums and vaccines, vitamins and minerals, cod liver oil and halibut liver oil, oral contraceptives\r\n\r\nAlso includes:\r\n- homeopathic medicines"
06.1.2.1,Pregnancy tests and mechanical contraceptive devices,4,06.1.2,Includes: \r\n- condoms
06.1.3.1,Corrective eye-glasses and contact lenses,4,06.1.3,Includes:\r\n- corrective eye-glasses and contact lenses
06.1.3.2,Hearing aids,4,06.1.3,Includes:\r\n- hearing aids
06.1.3.3,Repair of therapeutic appliances and equipment,4,06.1.3,Includes:\r\n- repair of therapeutic appliances and equipment
06.1.3.9,Other therapeutic appliances and equipment,4,06.1.3,"Includes:\r\n- glass eyes, artificial limbs and other prosthetic devices, orthopaedic braces and supports, orthopaedic footwear, surgical belts, trusses and supports, neck braces, medical massage equipment and health lamps, powered and unpowered wheelchairs and invalid carriages, beds for therapeutic purposes, crutches, electronic and other devices for monitoring blood pressure, etc.\r\n\r\nAlso includes:\r\n- dentures but not fitting costs"
06.2.1.1,General practice,4,06.2.1,Includes:\r\n- consultations of physicians in general practice
06.2.3.1,Services of medical analysis laboratories and X-ray centres,4,06.2.3,"Includes:\r\n- services of medical analysis laboratories and X-ray centres including all diagnostic and imaging methods (i.e. CT, MRI, sonography)"
06.2.3.9,Other paramedical services,4,06.2.3,"Includes:\r\n- services of freelance nurses and midwives, acupuncturists, chiropractors, optometrists, physiotherapists, speech therapists etc."
06.3.0.0,Hospital services,4,06.3.0,"Includes:\r\n- Hospital services comprise the provision of the following services to hospital in-patients:\r\n  • basic services\r\n  • administration\r\n  • accommodation\r\n  • food and drink\r\n  • supervision and care by non-specialist staff (nursing auxiliaries)\r\n  • first aid and resuscitation\r\n  • ambulance transport\r\n  • provision of medicines and other pharmaceutical products\r\n  • provision of therapeutic appliances and equipment\r\n  • medical services\r\n  • services of physicians in general or specialist practice, of surgeons and of dentists\r\n  • medical analyses and X-rays\r\n  • paramedical services such as those of nurses, midwives, chiropractors, optometrists, physiotherapists, speech therapists, etc."
07.1.1.1,New motor cars,4,07.1.1,"Includes:\r\n- new motor cars, passenger vans, station wagons, estate cars and the like with either two-wheel drive or four-wheel drive"
07.1.1.2,Second-hand motor cars,4,07.1.1,"Includes:\r\n- second-hand motor cars, passenger vans, station wagons, estate cars and the like with either two-wheel drive or four-wheel drive"
07.1.3.0,Bicycles,4,07.1.3,Includes:\r\n- bicycles and tricycles of all types\r\n\r\nAlso includes:\r\n- rickshaws
07.1.4.0,Animal drawn vehicles,4,07.1.4,"Includes:\r\n- animal drawn vehicles\r\n\r\nAlso includes:\r\n- animals required to draw the vehicles and related equipment (yokes, collars, harnesses, bridles, reins, etc.)"
07.2.1.1,Tyres,4,07.2.1,"Includes:\r\n- new, used or retreaded, including inner tubes for car, bicycles, motorcycles etc."
07.2.2.1,Diesel,4,07.2.2,Includes:\r\n- diesel
07.2.4.1,"Hire of garages, parking spaces and personal transport equipment",4,07.2.4,Includes:\r\n- hire of garages or parking spaces not providing parking in connection with the dwelling\r\n- hire of personal transport equipment without drivers
07.2.4.3,"Driving lessons, tests, licences and road worthiness tests",4,07.2.4,"Includes:\r\n- driving lessons, tests, licences and roadworthiness tests"
07.3.1.2,Passenger transport by underground and tram,4,07.3.1,Includes:\r\n- transport of individuals and groups of persons and luggage by underground\r\n- transport of individuals and groups of persons and luggage by tram
07.3.2.1,Passenger transport by bus and coach,4,07.3.2,Includes:\r\n- transport of individuals and groups of persons and luggage by bus and coach
07.3.2.2,Passenger transport by taxi and hired car with driver,4,07.3.2,Includes:\r\n- transport of individuals and groups of persons and luggage by taxi and hired car with driver
07.3.3.1,Domestic flights,4,07.3.3,Includes:\r\n- domestic transport of individuals and groups of persons and luggage by aeroplane and helicopter
07.3.3.2,International flights,4,07.3.3,Includes:\r\n- international transport of individuals and groups of persons and luggage by aeroplane and helicopter (international means that the destination is outside the country)
07.3.4.1,Passenger transport by sea,4,07.3.4,"Includes:\r\n- transport of individuals and groups of persons and luggage by ship, boat, ferry, hovercraft and hydrofoil\r\n\r\nAlso includes:\r\n- transport of private vehicles"
07.3.4.2,Passenger transport by inland waterway,4,07.3.4,"Includes:\r\n- transport of individuals and groups of persons and luggage by ship, boat, ferry, hovercraft and hydrofoil\r\n\r\nAlso includes:\r\n- transport of private vehicles"
07.3.6.1,"Funicular, cable-car and chair-lift transport",4,07.3.6,
07.3.6.2,Removal and storage services,4,07.3.6,Includes: \r\n- services of porters and left-luggage and luggage-forwarding offices
07.3.6.9,Other purchased transport services n.e.c.,4,07.3.6,"Includes: \r\n- travel agents' commissions, if separately priced"
08.2.0.1,Fixed telephone equipment,4,08.2.0,Includes:\r\n- fixed telephones
08.2.0.2,Mobile telephone equipment,4,08.2.0,"Includes:\r\n- mobile telephone handsets, including devices with several functions"
08.3.0.5,Other information transmission services,4,08.3.0,"Includes\r\n- telegraphy, telex and telefax services\r\n- VOIP (Voice Over Internet Protocol) provision\r\n- hire of telegraphy, telex, telefax, radiotelephony, radiotelegraphy and radiotelex equipment\r\n\r\nAlso includes:\r\n- radiotelephony, radiotelegraphy and radiotelex services"
09.1.2.1,Cameras,4,09.1.2,"Includes:\r\n- still cameras, movie cameras and sound-recording cameras, film and slide projectors, enlargers and film processing equipment\r\n- video cameras, including cam-corders"
09.1.2.3,Optical instruments,4,09.1.2,"Includes:\r\n- binoculars, microscopes, telescopes and compasses"
09.1.3.3,Software,4,09.1.3,"Includes:\r\n- computer software packages such as operating systems, applications, languages, etc."
09.1.4.1,Pre-recorded recording media,4,09.1.4,"Includes:\r\n- CDs, gramophone records, Blu-ray discs, videos and DVDs, cassettes, video cassettes\r\n\r\nAlso includes:\r\n- audio and video (film) downloads"
09.1.4.9,Other recording media,4,09.1.4,"Includes:\r\n- memory cards, memory sticks, film rolls, unexposed films, cartridges and discs for photographic and cinematographic use\r\n\r\nAlso includes:\r\n- photographic supplies such as paper"
09.2.1.2,"Aeroplanes, microlight aircraft, gliders, hang-gliders and hot-air balloons",4,09.2.1,"Includes:\r\n- aeroplanes, microlight aircraft, gliders, hang-gliders and hot-air balloons"
09.2.1.3,"Boats, outboard motors and fitting out of boats",4,09.2.1,"Includes:\r\n- boats, outboard motors, sails, rigging and superstructures"
09.2.1.5,Major items for games and sport,4,09.2.1,"Includes:\r\n- canoes, kayaks, wind-surfing boards, sea-diving equipment and golf carts"
09.2.2.1,Musical instruments,4,09.2.2,"Includes:\r\n- traditional instruments \r\n- pianos, organs, violins, guitars, drums, trumpets, clarinets, flutes, recorders, harmonicas, etc.\r\n- electronic instruments"
09.2.3.0,Maintenance and repair of other major durables for recreation and culture,4,09.2.3,"Includes:\r\n- maintenance and repair of other major durables for recreation and culture\r\n\r\nAlso includes:\r\n- total value of the service (that is, both the cost of labour and the cost of materials are covered)\r\n- laying up for winter of boats, camper vans, caravans, etc.\r\n- hangar services for private planes\r\n- marina services for boats\r\n- veterinary and other services (stabling, feeding, farriery, etc.) for horses and ponies purchased for recreational purposes"
09.3.1.1,Games and hobbies,4,09.3.1,"Includes:\r\n- traditional games-card games, parlour games, chess sets and the like\r\n- electronic games\r\n\r\nAlso includes:\r\n- video game software\r\n- video game computers that plug into a television set\r\n- video game cassettes and video game CD-ROMs\r\n- hobby-stamp-collecting requisites (used or cancelled postage stamps, stamp albums, etc.)\r\n- other items for collections (coins, medals, minerals, zoological and botanical specimens, etc.) and other tools and articles n.e.c. for hobby purposes"
09.3.1.2,Toys and celebration articles,4,09.3.1,"Includes:\r\n- dolls, such as Barbie, Bratz, Polly etc.\r\n- toy cars, including toy trains, toy bicycles and tricycles\r\n- soft toys- teddy-bears etc.\r\n- Lego and toy construction sets, such as Playmobil\r\n- puzzles\r\n- plasticine\r\n- masks\r\n- disguises\r\n- jokes\r\n- novelties\r\n- fireworks and rockets\r\n- festoons\r\n- Christmas tree decorations"
09.3.2.1,Equipment for sport,4,09.3.2,"Includes:\r\n- gymnastic, physical education and sport equipment such as balls, shuttlecocks, nets, rackets, bats, skis, golf clubs, discuses, javelins\r\n- parachutes and other sky-diving equipment\r\n- firearms and ammunition for hunting, sport and personal protection\r\n- fishing rods and other equipment for fishing\r\n- equipment for beach and open-air games such as bowls, croquet, frisbee, volleyball and inflatable boats, rafts and swimming pools\r\n\r\nAlso includes:\r\n- game-specific footwear (ski boots, football boots, golfing shoes and other such footwear fitted with ice skates, rollers, spikes, studs, etc.)\r\n- protective headgear for sports\r\n- other protective gear for sports such as life jackets, boxing gloves, body padding, shin-guards, goggles, belts, supports, etc."
09.3.3.1,Garden products,4,09.3.3,"Includes:\r\n- soil, peat and fertilizers\r\n- pots and pot holders"
09.3.4.2,Products for pets,4,09.3.4,"Includes:\r\n- pet foods, veterinary and grooming products for pets, collars, leashes, kennels, birdcages, fish tanks, cat litter, etc."
09.3.5.0,Veterinary and other services for pets,4,09.3.5,"Includes:\r\n- veterinary and other services for pets such as grooming, boarding, tattooing, micro-chip implanting and training"
09.4.1.2,Recreational and sporting services — Participation,4,09.4.1,"Includes:\r\n- skating rinks, swimming pools, golf courses, gymnasia, fitness centres, tennis courts, squash courts and bowling alleys\r\n- roundabouts, see-saws and other playground facilities for children\r\n- pin-ball machines and other games for adults other than games of chance\r\n- ski slopes, ski lifts and the like\r\n- hire of equipment and accessories for sport and recreation, such as aeroplanes, boats, horses, skiing and camping equipment\r\n- out-of-school individual or group lessons in bridge, chess, aerobics, dancing, music, skating, skiing, swimming or other pastimes\r\n- services of mountain guides, tour guides, etc.\r\n- navigational aid services for boating\r\n\r\nAlso includes:\r\n- hire of game-specific footwear (ski boots, football boots, golfing shoes and other such footwear fitted with ice-skates, rollers, spikes, studs, etc.)"
09.4.2.1,"Cinemas, theatres, concerts",4,09.4.2,"Includes:\r\n- cinemas\r\n- theatres, opera houses\r\n- concert and music halls\r\n- circuses, sound and light shows and other\r\n\r\nAlso includes:\r\n- services of musicians, clowns, performers for private entertainments"
09.4.2.3,"Television and radio licence fees, subscriptions",4,09.4.2,Includes:\r\n- television and radio broadcasting fees\r\n- subscription to cable TV and Pay-TV\r\n\r\nAlso includes:\r\n- television on demand\r\n- streaming services of audio and/or video content for which customers need a subscription and pay a fee
09.4.2.4,Hire of equipment and accessories for culture,4,09.4.2,"Includes:\r\n- hire of DVDs, video cassettes, CDs, Blu-ray\r\n- hire of equipment and accessories for culture, such as television set"
09.4.2.5,Photographic services,4,09.4.2,"Includes:\r\n- services of photographers such as film developing, print processing, enlarging, portrait photography, wedding photography, etc.\r\n\r\nAlso includes\r\n- services provided by non-specialised shops (e.g. supermarkets, consumer electronic stores etc.) and purchase by Internet"
09.4.2.9,Other cultural services,4,09.4.2,Includes:\r\n- rental and leasing services of musical instruments
09.5.1.1,Fiction books,4,09.5.1,Includes: \r\n- children's books\r\n\r\nAlso includes:\r\n- scrapbooks and albums for children
09.5.1.3,Other non-fiction books,4,09.5.1,Includes:\r\n- dictionaries\r\n- art books\r\n- travel guides\r\n- reference books
09.5.2.1,Newspapers,4,09.5.2,Includes:\r\n- newspaper bought in kiosks\r\n- subscription for newspapers (home delivery)\r\n- Internet subscription for newspapers
09.5.3.0,Miscellaneous printed matter,4,09.5.3,"Includes:\r\n- catalogues and advertising material\r\n- posters, plain or picture postcards, calendars\r\n- greeting cards and visiting cards, announcement and message cards\r\n- maps and globes"
09.5.4.9,Other stationery and drawing materials,4,09.5.4,"Includes:\r\n- pens, pencils, fountain pens, ballpoint pens, felt-tip pens, inks, erasers, pencil sharpeners, etc.\r\n- stencils, carbon paper, typewriter ribbons, inking pads, correcting fluids, etc.\r\n- paper punches, paper cutters, paper scissors, office glues and adhesives, staplers and staples, paper clips, drawing pins, etc.\r\n- drawing and painting materials such as canvas, card, paints, crayons, pastels and brushes\r\n\r\nAlso includes:\r\n- toner and ink cartridges\r\n- slide rules, geometry instruments, slates, chalks and pencil boxes"
09.6.0.2,Package international holidays,4,09.6.0,Includes:\r\n- holidays taking place in other countries other than the country where the holidaymaker resides
10.1.0.1,Pre-primary education (ISCED-97 level 0),4,10.1.0,"ISCED 2011 level 0: Pre-primary education is defined as the initial stage of organised instruction, designed primarily to introduce very young children to a school type environment; should be centre or school-based, be designed to meet the educational and developmental needs of children at least 3 years old and not older than 6. \r\n\r\nThis education may also be provided in hospitals or in special schools or training centres."
10.1.0.2,Primary education (ISCED-97 level 1),4,10.1.0,"ISCED 2011 level 1: Primary education usually begins at age 5, 6 or 7 and generally lasts for 4 to 6 years. Programmes are normally designed to give students a sound basic education in reading, writing and mathematics along with an elementary understanding of other subjects. Organised instruction for children with special needs should also be included. Literacy or basic skills programmes within or outside the school system which are similar in content to programme in primary education."
10.3.0.0,Post-secondary non-tertiary education (ISCED-97 level 4),4,10.3.0,"ISCED 2011 level 4: Post-secondary non-tertiary education provides learning experiences building on secondary education, preparing for labour market entry as well as tertiary education. It aims at the individual acquisition of knowledge, skills and competencies lower than the level of complexity characteristic of tertiary education. Programmes at ISCED level 4, or post-secondary non-tertiary education, are typically designed to provide individuals who completed ISCED level 3 with non-tertiary qualifications required for progression to tertiary education or for employment when their ISCED level 3 qualification does not grant such access. For example, graduates from general ISCED level 3 programmes may choose to complete a non-tertiary vocational qualification; or graduates from vocational ISCED level 3 programmes may choose to increase their level of qualifications or specialise further. The content of ISCED level 4 programmes is not sufficiently complex to be regarded as tertiary education, although it is clearly post-secondary."
10.4.0.0,Tertiary education,4,10.4.0,"ISCED 2011 levels 5, 6, 7 and 8: first stage and second stage of tertiary education."
10.5.0.0,Education not definable by level,4,10.5.0,"Educational programmes, generally for adults, which do not require any special prior instruction, in particular vocational training or cultural development."
11.1.1.1,"Restaurants, cafés and dancing establishments",4,11.1.1,"Includes:\r\n- places that serve main meals\r\n- places mainly serving drinks: cafés, buffets, bars, tearooms, etc.\r\n- places providing recreational, cultural, sporting or entertainment services: theatres, cinemas, sports stadiums, swimming pools, sports complexes, museums, art galleries, nightclubs, dancing establishments, etc."
11.2.0.1,"Hotels, motels, inns and similar accommodation services",4,11.2.0,"Includes:\r\n- accommodation services in hotels and motels\r\n- accommodation services in inns and similar establishments, including boarding houses, inns and establishments offering bed and breakfast"""""
11.2.0.2,"Holiday centres, camping sites, youth hostels and similar accommodation services",4,11.2.0,"Includes:\r\n- holiday centres, camping sites, youth hostels and similar, holiday villages and holiday centres, camping and caravan sites, youth hostels and mountain chalets\r\n- accommodation services in holiday centres and camping sites holiday villages, caravan sites"
11.2.0.3,Accommodation services of other establishments,4,11.2.0,"Includes:\r\n- boarding schools and other educational establishments\r\n- public transport (trains, boats, etc.) when priced separately\r\n- hostels for young workers or immigrants"
12.1.1.1,Hairdressing for men and children,4,12.1.1,"Includes:\r\n- services of hairdressing salons, barbers for men and children"
12.1.1.2,Hairdressing for women,4,12.1.1,Includes:\r\n- services of hairdressing salons for women
12.1.1.3,Personal grooming treatments,4,12.1.1,"Includes:\r\n- facial beauty treatments, depilation, solarium, pedicure, bodycare, manicure, thalasso therapy, Turkish baths, saunas, non-medical massages, etc.\r\n- diet clubs, tattoo and piercing services"
12.1.2.2,Repair of electric appliances for personal care,4,12.1.2,Includes:\r\n- repair of electric appliances for personal care
12.1.3.2,"Articles for personal hygiene and wellness, esoteric products and beauty products",4,12.1.3,"Includes:\r\n- toilet and medical soap, cleansing oils and milk, shaving soap and cream, toothpaste, shampoo and bathing products, toilet paper, paper handkerchiefs, cotton tops, babies' napkins (also babies' disposable napkins), paper towels, sanitary towels, cotton wool, toilet sponges, etc.\r\n- wellness and esoteric products (natural remedy, herbs, healing stones etc.)\r\n- beauty products: lipstick, nail varnish, make-up and make-up removal products (including powder compacts, brushes and powder puffs), hair lacquers and lotions, pre-shave and after-shave products, sunbathing products, hair removers, perfumes and toilet waters, personal deodorants, bath products, etc."
12.3.2.2,Articles for babies,4,12.3.2,Includes:\r\n- articles for babies: \r\n  • baby carriages\r\n  • pushchairs\r\n  • carrycots\r\n  • recliners\r\n  • car beds and seats\r\n  • back-carriers\r\n  • front carriers\r\n  • reins and harnesses
12.3.2.9,Other personal effects n.e.c.,4,12.3.2,"Includes:\r\n- wall thermometers and barometers\r\n- articles for smokers: pipes, lighters, lighter fuel, cigarette cases, cigar cutters, ashtrays, etc.\r\n- miscellaneous personal articles: sunglasses, walking sticks and canes, umbrellas and parasols, fans, keyrings, etc.\r\n- funerary articles: coffins, gravestones, urns, etc.\r\n- repair of other personal effects n.e.c."
12.4.0.1,Child care services,4,12.4.0,"Includes:\r\n- child-minding outside the home\r\n- nurseries, day-care facilities, wet-nurses, crèches and other child-minding facilities for babies\r\n- Kindergarten (other than educational)\r\n- after school centres"
12.4.0.3,Services to maintain people in their private homes,4,12.4.0,"Includes: \r\n- help to maintain elderly and disabled persons at home (home-cleaning services, meal programmes, day-care centres, day-care services and holiday-care services)\r\n- schools for disabled persons where the main aim is to help students overcome their disability"
12.5.2.0,Insurance connected with the dwelling,4,12.5.2,"Includes:\r\n- service charges paid by owner-occupiers and by tenants for the kinds of insurance typically taken out by tenants against fire, theft, water damage, etc."
12.5.5.0,Other insurance,4,12.5.5,Includes:\r\n- service charges for other insurance such as civil liability for injury or damage to third parties or their property
12.7.0.1,Administrative fees,4,12.7.0,"Includes:\r\n- birth, marriage and death certificates\r\n- passports and licenses Includes firearms license, etc."
12.7.0.3,Funeral services,4,12.7.0,Includes:\r\n- charges for undertaking and other funeral services
12.7.0.4,Other fees and services,4,12.7.0,"Includes:\r\n- reproduction of documents, newspaper notices and advertisements \r\n- photocopies and other reproductions\r\n- fees for:\r\n  • employment agencies\r\n  • auctioneers\r\n  • salesroom operators and other intermediaries\r\n  • graphologists\r\n  • astrologers\r\n  • private detectives\r\n  • bodyguards\r\n  • matrimonial agencies and marriage guidance counsellors\r\n  • dating agencies\r\n  • public writers\r\n  • miscellaneous concessions (seats, toilets, cloakrooms)\r\n\r\nAlso includes:\r\n- payments for services of housing agents in connection with rental transactions"
