Code,Description,ExplanatoryNote
04.4.4,Services divers liés au logement n.c.a.,"- Charges de copropriété (gardiennage, jardinage, nettoyage des escaliers, chauffage et éclairage, entretien des ascenseurs et des vide-ordures, etc.) dans les immeubles collectifs;
- Services relatifs à la sécurité des habitations;
- Déblaiement de la neige et ramonage."
04.5.1,Électricité,"- Électricité.
Sont inclus : dépenses connexes (location de compteur, relevé de compteur, redevances fixes, etc.)."
04.5.2,Gaz,"- Gaz de ville et gaz naturel;
- Hydrocarbures liquéfiés (butane, propane, etc.).
Sont inclus : dépenses connexes (location de compteur, relevé de compteur, récipients de stockage, redevances fixes, etc.)."
04.5.3,Combustibles liquides,- Fioul domestique (pour le chauffage et l'éclairage).
04.5.4,Combustibles solides,"- Charbon, coke, boulets et briquettes, bois de feu, charbon de bois, tourbe, etc."
04.5.5,Énergie thermique,"- Eau chaude ou vapeur provenant d'une centrale de chauffage urbain.
Sont inclus : dépenses connexes (location de compteur, relevé de compteur, redevances fixes, etc.); glace utilisée pour rafraîchir ou réfrigérer."
05.1.1,Meubles et articles d'ameublement,"- Lits, canapés, divans, tables, chaises, buffets, commodes et étagères;
- Appareils d'éclairage (plafonniers, lampes et lampadaires, globes, lampes de chevet, etc.);
- Tableaux, sculptures, gravures, tapisseries et autres objets d'art, y compris les reproductions d'oeuvre d'art et autres objets décoratifs;
- Paravents, cloisons mobiles et autres meubles et appareils.
Sont inclus : frais de livraison et d'installation, le cas échéant; sommiers, matelas, tatamis; meubles de salle de bains; mobilier pour bébé (berceau, chaise haute, parc, etc.); volets; meubles de camping et de jardin; miroirs, bougeoirs et chandeliers."
05.1.2,Tapis et revêtements de sol divers,"- Tapis, moquette, linoléum et autres revêtements de sol analogues.
Sont inclus : pose des revêtements de sol."
05.1.3,"Réparation de meubles, d'articles d'ameublement et de revêtements souples pour le sol","- Réparation de meubles, d'articles d'ameublement et de revêtements souples pour le sol.
Sont inclus : valeur totale du service (c'est-à-dire le coût de la main-d'oeuvre et des fournitures); restauration d'oeuvres d'art, de mobilier ancien et de tapis anciens autres que ceux acquis principalement pour servir de réserve de valeur (formation de capital)."
05.2.0,Articles de ménage en textiles,"- Tissus d'ameublement, tissu pour rideaux, doubles rideaux, stores, rideaux de porte, etc.;
- Literie (futons, oreillers, traversins, hamacs, etc.);
- Linge de lit (draps, taies d'oreiller, couvertures, couvertures de voyage, plaids, duvets, couvre-lits et moustiquaires);
- Linge de table et de toilette (nappes, serviettes de table, serviettes et gants de toilette, etc.);
- Autres articles de ménage en textiles (cabas, sacs à linge, sacs à chaussures, housses pour vêtements et meubles, drapeaux, parasols, etc.);
- Réparation de ces articles.
Sont inclus : tissu d'ameublement à la coupe; toile cirée; tapis de salle de bains, nattes et paillassons."
05.3.1,"Gros appareils ménagers, électriques ou non","- Réfrigérateurs, congélateurs et réfrigérateurs-congélateurs;
- Lave-linge, sèche-linge, armoires sèche-linge, lave-vaisselle, machines à repasser;
- Cuisinières, rôtissoires, plaques de cuisson, réchauds, fours et fours à micro-ondes;
- Climatiseurs, humidificateurs, appareils de chauffage, chauffe-eau, ventilateurs et hottes aspirantes;
- Aspirateurs, nettoyeurs à vapeur, shampouineuses et machines à décaper, cirer et polir les parquets;
- Autres gros appareils ménagers (coffres-forts, machines à coudre, machines à tricoter, adoucisseurs d'eau, etc.).
Sont inclus : livraison et installation des appareils, le cas échéant."
05.3.2,Petits appareils électroménagers,"- Moulins à café, cafetières électriques, centrifugeuses, ouvre-boîtes, mixeurs, friteuses, grils, couteaux, grille-pain, sorbetières, yaourtières, plaques chauffantes, fers à repasser, bouilloires, ventilateurs mobiles, couvertures électriques, etc."
05.3.3,Réparation d'appareils ménagers,"- Réparation d'appareils ménagers.
Sont inclus : valeur totale du service (c'est-à-dire le coût de la main-d'oeuvre et des fournitures); frais de crédit-bail et de location de gros appareils électroménagers."
05.4.0,"Verrerie, vaisselle et ustensiles de ménage","- Verrerie, cristallerie, céramique et porcelaine utilisées pour la table, la cuisine, la salle de bains, les toilettes, au bureau et pour la décoration;
- Articles de coutellerie, couverts et argenterie;
- Ustensiles de cuisine non électriques, quelle qu'en soit la matière (casseroles, cocottes, autocuiseurs, poêles, moulins à café, presse-purée, hachoirs, chauffe-plats, balances de ménages et autres ustensiles mécaniques analogues);
- Articles ménagers non électriques, quelle qu'en soit la matière, telles que boîtes à pain, à café, à épices, etc.; poubelles, corbeilles à papier, paniers à linge, cassettes et coffres-forts portatifs, porte-serviettes, casiers à bouteille, fers à repasser non électriques et planches; boîtes aux lettres, biberons, bouteilles thermos et glacières;
- Réparation de ces articles."
05.5.1,Gros outillage et matériel,"- Outillage et matériel motorisés (perceuses, scies, ponceuses et taille-haies électriques, tracteurs de jardin, tondeuses à gazon, motoculteurs, tronçonneuses et pompes à eau);
- Réparation de ces articles.
Sont inclus : frais de crédit-bail ou de location d'outillage et de matériel de bricolage."
05.5.2,Petit outillage et accessoires divers,"- Outils à main (scies, marteaux, tournevis, clefs, pinces, cisailles, râpes et limes, etc.);
- Outils de jardinage (brouettes, arrosoirs, tuyaux d'arrosage, bêches, pelles, râteaux, fourches, faux, faucilles et sécateurs;
- Échelles et escabeaux;
- Accessoires de porte (gonds, poignées et serrures), accessoires de radiateurs et cheminées, autres articles en métal pour la maison (tringles à rideaux, baguettes pour moquette, crochets, etc.) ou pour le jardin (chaînes, grillage, piquets et autre matériel pour clôtures et bordures);
- Petits accessoires électriques (prises de courant, interrupteurs, fils électriques, ampoules, tubes fluorescents, torches électriques, lampes de poche, piles électriques d'usage courant, sonnettes et alarmes, etc.);
- Réparation de ces articles."
05.6.1,Biens d'équipement ménager non durables,"- Produits de nettoyage et d'entretien (savons, lessives en poudre ou liquides, poudres à récurer, détergents, eau de Javel, adoucissants, assouplissants, produits à nettoyer les vitres, cires, encaustiques, teintures, déboucheurs, désinfectants, insecticides, fongicides, eau distillée, etc.);
- Articles de nettoyage (balais, brosses, pelles, plumeaux, balais et chiffons à poussière, torchons, serpillières, éponges de ménage, tampons à récurer, paille de fer, peau de chamois, etc.);
- Produits en papier (filtres, nappes et serviettes, essuie-tout, sacs à aspirateurs et vaisselle en carton, etc.), papier d'aluminium et sacs-poubelles en plastique;
- Autres articles de ménage non durables (allumettes, bougies, mèches de lampe, alcool à brûler, pinces à linge, porte-manteaux, épingles, épingles de sûreté, aiguilles à coudre, aiguilles à tricoter, dés à coudre, clous, vis, écrous et boulons, punaises, joints, colle et rubans adhésifs à usage ménager, corde, ficelle, gants en caoutchouc, etc.).
Sont inclus : cirages, crèmes et autres articles de nettoyage des chaussures; extincteurs de ménage."
05.6.2,Services domestiques et services ménagers,"- Services domestiques fournis par du personnel rémunéré employé à titre privé (majordomes, cuisiniers, bonnes, chauffeurs, jardiniers, gouvernantes, secrétaires, précepteurs, jeunes au pair, etc.);
- Services analogues (dont garde d'enfant et ménage) fournis par des entreprises ou des travailleurs indépendants;
- Services ménagers (nettoyage des vitres, désinfection, fumigation, désinsectisation et dératisation, etc.);
- Nettoyage à sec, blanchissage et teinture de linge de maison, d'articles de ménage en textile et de tapis;
- Location de meubles, d'articles d'ameublement, de tapis, d'appareils ménagers et de linge de maison."
06.1.1,Produits pharmaceutiques,"- Préparations pharmaceutiques, médicaments, spécialités pharmaceutiques, sérums et vaccins, vitamines et oligo-éléments, huile de foie de morue et de flétan, contraceptifs oraux."
06.1.2,Produits médicaux divers,"- Thermomètres médicaux, pansements adhésifs et non adhésifs, seringues hypodermiques, trousses de premier secours, bouillottes et poches de glace, bonneterie médicale (bas à varices, genouillères, etc.), tests de grossesse, préservatifs et autres contraceptifs mécaniques."
06.1.3,Appareils et matériel thérapeutiques,"- Lunettes de vue et lentilles de contact, aides auditives, oeil de verre, membres artificiels et autres prothèses diverses, appareils, bandes, chaussures et ceintures orthopédiques, bandages et supports herniaires, minerves, matériel de massage médical et lampes thérapeutiques, fauteuils roulants et voitures d'invalide motorisés ou non, lits ?spéciaux?, béquilles, appareils électroniques et autres servant à surveiller la tension artérielle, etc.;
- Réparation de ces articles.
Sont inclus : prothèses dentaires (mais non les frais de pose)."
06.2.1,Services médicaux,"- Consultations de médecins généralistes ou spécialistes.
Sont inclus : services d'orthodontiste."
06.2.2,Services dentaires,"- Services de dentistes, spécialistes de l'hygiène buccale et autres auxiliaires dentaires.
Sont inclus : frais de pose des prothèses dentaires."
06.2.3,Services paramédicaux,"- Services des laboratoires d'analyses médicales et des centres de radiologie;
- Services d'infirmiers et de sages-femmes indépendants;
- Services d'acupuncteurs, de chiropracteurs et d'ostéopathes, d'optométristes, de physiothérapeutes, d'orthophonistes, etc., indépendants;
- Kinésithérapie;
- Cures thermales ou thalassothérapie ambulatoires (autres que services fournis par les hôpitaux;
- Services d'ambulance (autres que ceux fournis par les hôpitaux);
- Location de matériel thérapeutique.
Sont inclus : services des praticiens de la médecine traditionnelle."
06.3.0,Services hospitaliers,"Fourniture des services suivants aux patients hospitalisés :
- Services de base : administration; hébergement, restauration; surveillance et soins assurés par du personnel non spécialisé (aides-soignants); premiers soins et réanimation; transport par ambulance; distribution de médicaments et autres produits pharmaceutiques; fourniture d'appareils et de matériel thérapeutiques;
- Services médicaux : services de médecins généralistes et spécialistes, de chirurgiens et de dentistes; analyses médicales et radiologie; services paramédicaux (services d'infirmiers, de sages-femmes, de chiropracteurs, d'optométristes, de physiothérapeutes, d'orthophonistes, etc.)."
07.1.1,Voitures automobiles,"- Voitures automobiles de tourisme (y compris les breaks, monospaces, etc.) à deux ou quatre roues motrices."
07.1.2,Motocycles,"- Motocycles de tous types, scooters et cyclomoteurs.
Sont inclus : side-cars; motoneiges."
07.1.3,Bicyclettes,"- Bicyclettes et tricycles en tous genres.
Sont inclus : cyclopousses."
07.1.4,Véhicules à traction animale,"- Véhicules à traction animale.
Sont inclus : animaux tirant le véhicule et matériel connexe (jougs, colliers, harnais, brides, guides, etc.)."
07.2.1,Pièces de rechange et accessoires pour véhicules de tourisme,"- Pneus (neufs, d'occasion ou rechapés), chambres à air, bougies d'allumage, amortisseurs, filtres, pompes et autres pièces de rechange ou accessoires pour véhicule particulier.
Sont inclus : extincteurs pour véhicules; produits expressément destinés au nettoyage et à l'entretien de véhicules (peintures, produits pour nettoyer les chromes, matériaux d'étanchéité et produits d'entretien de la carrosserie; housses pour voitures, motocycles, etc.)."
07.2.2,Carburants et lubrifiants pour véhicules de tourisme,"- Essence et autres carburants (gazole, gaz de pétrole liquéfié, alcool et mélanges pour moteur à deux temps, etc.);
- Lubrifiants, liquides de frein et d'embrayage, liquides de refroidissement et additifs.
Sont inclus : carburant nécessaire au gros outillage et au matériel visés à la rubrique 05.5.1 et aux véhicules de plaisance visés à la rubrique 09.2.1."
07.2.3,Entretien et réparation de véhicules particuliers,"- Services liés à l'entretien et à la réparation de véhicules particuliers (pose de pièces de rechange et d'accessoires, équilibrage des roues, inspection technique, dépannage, vidange, graissage et lavage.
Sont inclus : valeur totale du service (c'est-à-dire le coût de la main-d'oeuvre et des)."
07.2.4,Services divers liés aux véhicules particuliers,"- Location de garages ou de places de stationnement non liés au logement;
- Péages (ponts, tunnels, bacs, autoroutes) et parcmètres;
- Leçons de conduite, examen du permis de conduire et permis de conduire;
- Contrôle technique automobile;
- Location de voiture sans chauffeur."
07.3.1,Transport ferroviaire de passagers,"- Transport de personnes, voyageant seule ou en groupe, et de bagages par train, tramway et métro.
Sont inclus : transport de véhicules de tourisme."
07.3.2,Transport routier de passagers,"- Transport de personnes, voyageant seule ou en groupe, et de bagages par autobus, autocar, taxi ou voiture de louage avec chauffeur."
07.3.3,Transport aérien de passagers,"- Transport de personnes, voyageant seule ou en groupe, et de bagages par avion ou hélicoptère."
07.3.4,Transport maritime et fluvial de passagers,"- Transport de personnes, voyageant seule ou en groupe, et de bagages par navire, bateau, bac, hydroglisseur et hydroptère.
Sont inclus : transport de véhicules de tourisme."
07.3.5,Transport combiné de passagers,"- Transport de personnes, voyageant seule ou en groupe, et de bagages par au moins deux modes de transport, lorsqu'il n'est pas possible d'établir la part revenant à chaque mode de transport.
Sont inclus : transport de véhicules de tourisme."
07.3.6,Services de transport divers,"- Transport par funiculaire, téléphérique et télésiège;
- Services de déménagement et de garde-meuble; 
- Services de porteur, de consigne et d'expédition de bagages;
- Commissions d'agents de voyage, lorsqu'elles sont facturées séparément."
08.1.0,Services postaux,"- Frais d'expédition de lettres, cartes postales et colis;
- Expédition de lettres et colis personnels.
Sont inclus : l'achat de timbres postaux non oblitérés, cartes postales et aérogrammes préaffranchis."
11.1.2,Cantines,"- Services de restauration des cantines de chantier, d'entreprise et d'établissement scolaire, universitaire et autre.
Sont inclus : les réfectoires universitaires, les mess et les carrés d'officiers."
11.2.0,Services d'hébergement,"- Hôtels, pensions de famille, motels, auberges et chambres d'hôtes;
- Villages et centres de vacances, terrains de camping pour tentes et caravanes, auberges de jeunesse et refuges de montagne;
- Pensionnats, résidences universitaires et autres;
- Transports publics (trains, bateaux, etc.) lorsque la location des lits ou couchettes est facturée à part;
- Foyers pour jeunes travailleurs ou immigrés.
Sont inclus : les pourboires, les chasseurs d'hôtel."
12.1.1,Salons de coiffure et instituts de soins et de beauté,"- Services des salons de coiffure, barbiers, instituts de beauté, manucures, pédicures, bains turcs, saunas, solariums, massages à fins non thérapeutiques, etc.
Sont inclus : les soins corporels, l'épilation et les soins analogues."
12.1.2,Appareils électriques pour soins corporels,"- Rasoirs et tondeuses électriques, sèche-cheveux à main et casques, fers à friser et peignes soufflants, lampes à rayons ultraviolets, vibromasseurs, brosses à dents électriques et autres appareils électriques pour l'hygiène dentaire, etc.;
- Réparation de ces articles."
12.1.3,"Autres appareils, articles et produits pour soins corporels","- Appareils non électriques : rasoirs, tondeuses, lames de rasoir et de tondeuse, ciseaux, limes à ongles, peignes, blaireaux, brosses à cheveux, brosses à dents, brosses à ongles, épingles à cheveux, bigoudis, pèse-personnes, pèse-bébés, etc.;
- Articles d'hygiène corporelle : savon de toilette, savon médicinal, lait et huile de toilette, savon à barbe, crème et mousse à raser, pâte dentifrice, etc.;
- Produits de beauté : rouge à lèvres, vernis à ongles, produits de maquillage et démaquillants (poudres, pinceaux à poudre, houppettes), laques et lotions capillaires, lotions avant et après-rasage, produits solaires, produits épilatoires, parfums et eaux de toilette, déodorants corporels, produits pour le bain, etc.;
- Autres produits : papier de toilette, mouchoirs et serviettes en papier, serviettes hygiéniques, ouate, coton, cotons de tige, couches pour bébés, éponges de toilette, etc."
12.2.0,Prostitution,- Services fournis par les prostitué(e)s et services analogues.
12.3.1,Articles de bijouterie et horlogerie,"- Pierres et métaux précieux et bijoux en pierres et métaux précieux;
- Bijoux fantaisie, boutons de manchettes et épingles de cravate;
- Horloges, montres, chronomètres, réveils, réveils de voyage;
- Réparation de ces articles."
12.3.2,Autres effets personnels,"- Bagages et autres articles de voyage pour effets personnels : valises, malles, sacs de voyage, mallettes, sacoches, sacs à main, portefeuilles, porte-monnaie, etc.;
- Articles pour bébés : landaus, poussettes, couffins, relax, lits et sièges auto, porte-bébés frontaux et dorsaux, laisses et harnais, etc.;
- Articles pour fumeurs : pipes, briquets, étuis à cigarettes, coupe-cigares, etc.;
- Articles personnels divers : lunettes de soleil, cannes, parapluies et ombrelles, éventails, porte-clefs, etc.;
- Articles funéraires : cercueils, pierres tombales, urnes funéraires, etc.;
- Réparation de ces articles.
Sont inclus : le fluide à briquets; les thermomètres et baromètres muraux."
12.4.0,Protection sociale,"Cette classe comprend l'accueil avec hébergement, les services d'aide à domicile, les services des centres de jour et les services de réadaptation. Elle recouvre en particulier les montants versés par des ménages à :
- Des maisons de retraite, résidences pour personnes handicapées, centres de réadaptation assurant un séjour et une assistance et non des soins et une rééducation, écoles pour handicapés dont le but principal est d'aider les élèves à surmonter leur infirmité;
- Des services visant à faciliter le maintien à domicile des personnes âgées et des handicapés (services d'aide ménagère, de repas, de garderie et centres de vacances);
- Des nourrices, crèches, garderies et autres établissements d'accueil pour enfants;
- Des services de conseil, d'orientation, d'arbitrage, de placement en famille d'accueil et d'adoption à l'intention des familles."
12.5.1,Assurance-vie,"- Rémunération des services d'assurance-vie, d'assurance décès, d'assurance éducation, etc."
12.5.2,Assurance habitation,"- Rémunération des services d'assurance versée par les propriétaires-occupants et les locataires pour s'assurer contre les risques que couvrent généralement les polices souscrites par les locataires contre l'incendie, le vol, les dégâts des eaux, etc."
12.5.3,Assurance maladie,- Rémunération des services d'assurance maladie et d'assurance accident.
12.5.4,Assurance transports,"- Rémunération des services d'assurance liés à l'utilisation des véhicules de tourisme;
- Rémunération des services d'assurance voyage et d'assurance bagages."
12.5.5,Autres assurances,- Rémunération des services d'autres assurances telles que l'assurance responsabilité civile contre les blessures ou les dommages causés aux personnes ou à la propriété de tiers.
12.6.1,Coût des services d'intermédiation financière indirectement mesurés,- Coût des services d'intermédiation financière indirectement mesurés.
12.6.2,Autres services financiers n.c.a.,"- Frais effectivement facturés par les banques, bureaux de poste, caisses d'épargne, bureaux de change et institutions financières analogues;
- Commissions et rémunération des services des agents de change, conseillers en placement, conseils fiscaux et autres;
- Frais administratifs prélevés par les fonds de pension et institutions analogues."
12.7.0,Autres services n.c.a.,"- Montants versés à des conseillers juridiques, bureaux de placement, etc.;
- Montants versés à des services de pompes funèbres et services analogues;
- Montants versés à des agences immobilières, services de logement, commissaires priseurs, établissements de vente aux enchères et autres établissements de courtage;
- Frais de photocopie et de reprographie;
- Frais d'établissement de certificats de naissance, de mariage et de décès et d'autres documents administratifs;
- Frais de parution d'annonces et publicités dans la presse;
- Montants versés à des graphologues, astrologues, détectives privés, gardes du corps, agences matrimoniales et conseillers matrimoniaux, écrivains publics et détenteurs de concessions diverses (chaises, toilettes, vestiaires, etc.)."
13.2.1,Produits pharmaceutiques,- Comme indiqué sous 02.1.1 dans la COPNI. Correspond à (06.1.1) et à (14.2.1).
13.2.2,Produits médicaux divers,- Comme indiqué sous 02.1.2 dans la COPNI. Correspond à (06.1.2) et (14.2.2).
13.2.3,Appareils et matériels thérapeutiques,- Comme indiqué sous 02.1.3 dans la COPNI. Correspond à (06.1.3) et (14.2.3).
13.2.4,Services médicaux ambulatoires,- Comme indiqué sous 02.2.1 dans la COPNI. Correspond à (06.2.1) et (14.2.4).
13.2.5,Services dentaires ambulatoires,- Comme indiqué sous 02.2.2 dans la COPNI. Correspond à (06.2.2) et (14.2.5).
13.2.6,Services paramédicaux ambulatoires,- Comme indiqué sous 02.2.3 dans la COPNI. Correspond à (06.2.3) et (14.2.6).
13.2.7,Services hospitaliers,- Comme indiqué sous 02.3.0 dans la COPNI. Correspond à (06.3.0) et (14.2.7).
13.2.8,Autres services de santé,"- Comme indiqué sous 02.4.0, 02.5.0 et 02.6.0 dans la COPNI."
13.3.1,Services récréatifs et sportifs,- Comme indiqué sous 03.1.0 dans la COPNI. Correspond à (09.4.1) et (14.3.1).
13.3.2,Services culturels,- Comme indiqué sous 03.2.0 dans la COPNI. Correspond à (09.4.2) et (14.3.2).
13.4.1,Enseignement préélémentaire et primaire,- Comme indiqué sous 04.1.0 dans la COPNI. Correspond à (10.1.0) et (14.4.1).
13.4.2,Enseignement secondaire,- Comme indiqué sous 04.2.0 dans la COPNI. Correspond à (10.2.0) et (14.4.2).
13.4.3,Enseignement postsecondaire non supérieur,- Comme indiqué sous 04.3.0 dans la COPNI. Correspond à (10.3.0) et (14.4.3).
13.4.4,Enseignement supérieur,- Comme indiqué sous 04.4.0 dans la COPNI. Correspond à (10.4.0) et (14.4.4).
13.4.5,Enseignement non défini par niveau,- Comme indiqué sous 04.5.0 dans la COPNI. Correspond à (10.5.0) et (14.4.5).
13.4.6,Autres services d'enseignement,- Comme indiqué sous 04.6.0 et 04.7.0 dans la COPNI.
13.5.0,Protection sociale,- Comme indiqué sous 05.1.0 et 05.2.0 dans la COPNI. Correspond à (12.4.0) et (14.5.0).
13.6.1,Cultes,- Comme indiqué sous 06.0.0 dans la COPNI.
13.6.2,Partis politiques et organisations professionnelles et syndicales,"- Comme indiqué sous 07.1.0, 07.2.0 et 07.3.0 dans la COPNI."
13.6.3,Protection de l'environnement,- Comme indiqué sous 08.1.0 et 08.2.0 dans la COPNI.
13.6.4,Services n.c.a.,- Comme indiqué sous 09.1.0 et 09.2.0 dans la COPNI.
14.1.0,Logement,- Comme indiqué sous 10.6.0 dans la COFOG. Correspond à (04.1.1) et (13.1.0).
14.2.1,Produits pharmaceutiques,- Comme indiqué sous 07.1.1 dans la COFOG. Correspond à (06.1.1) et à (13.2.1).
14.2.2,Produits médicaux divers,- Comme indiqué sous 07.1.2 dans la COFOG. Correspond à (06.1.2) et (13.2.2).
14.2.3,Appareils et matériels thérapeutiques,- Comme indiqué sous 07.1.3 dans la COFOG. Correspond à (06.1.3) et (13.2.3).
14.2.4,Services médicaux ambulatoires,- Comme indiqué sous 07.2.1 et 07.2.2 dans la COFOG. Correspond à (06.2.1) et (13.2.4).
14.2.5,Services dentaires ambulatoires,- Comme indiqué sous 07.2.3 dans la COFOG. Correspond à (06.2.2) et (13.2.5).
14.2.6,Services paramédicaux ambulatoires,- Comme indiqué sous 07.2.4 dans la COFOG. Correspond à (06.2.3) et (13.2.6).
14.2.7,Services hospitaliers,"- Comme indiqué sous 07.3.1, 07.3.2, 07.3.3 et 07.3.4 dans la COFOG. Correspond à (06.3.0) et (13.2.6)."
14.2.8,Services de santé publique,- Comme indiqué sous 07.4.0 dans la COFOG.
14.3.1,Services récréatifs et sportifs,- Comme indiqué sous 08.1.0 dans la COFOG. Correspond à (09.4.1) et (13.3.1).
14.3.2,Services culturels,- Comme indiqué sous 08.2.0 dans la COFOG. Correspond à (09.4.2) et (13.3.2).
14.4.1,Enseignement préélémentaire et primaire,- Comme indiqué sous 09.1.1 et 09.1.2 dans la COFOG. Correspond à (10.1.0) et (13.4.1).
14.4.2,Enseignement secondaire,- Comme indiqué sous 09.2.1 et 09.2.2 dans la COFOG. Correspond à (10.2.0) et (13.4.2).
14.4.3,Enseignement postsecondaire non supérieur,- Comme indiqué sous 09.3.0 dans la COFOG. Correspond à (10.3.0) et (13.4.3).
14.4.4,Enseignement supérieur,- Comme indiqué sous 09.4.1 et 09.4.2 dans la COFOG. Correspond à (10.4.0) et (13.4.4).
14.4.5,Enseignement non défini par niveau,- Comme indiqué sous 09.5.0 dans la COFOG. Correspond à (10.5.0) et (13.4.5).
14.4.6,Services annexes à l'enseignement,- Comme indiqué sous 09.6.0 dans la COFOG.
14.5.0,Protection sociale,"- Comme indiqué sous 10.1.1 à 10.5.0 et 10.7.0 dans la COFOG. Correspond à (12.4.0) et (13.5.0).

=============================="
01.1.1,Pan y cereales,"- Arroz de todas clases;
- Maíz, trigo, cebada, avena, centeno y otros cereales en forma de grano, harina fina o harina gruesa;
- Pan y otros productos de panadería (galletas de centeno, galletas duras, pan tostado, bizcochos, galletas de jengibre, barquillos, gofres, panecillos de levadura, bollos, medialunas, pasteles, tartas, tortas, quiches, pizzas, etcétera);
- Mezclas y pastas para la preparación de productos de panadería;
- Pasta de todas las clases, alcuzcuz;
- Preparados de cereal (copos de maíz, copos de avena, etcétera) y otros productos de cereal (malta, harina de malta, extracto de malta, fécula de patata, tapioca, sagú y otros almidones).

Incluye: productos farináceos preparados con carne, pescado, alimentos marinos, queso, verduras o con fruta."
01.1.2,Carne,"- Carne fresca, refrigerada o congelada de:
- Ganado vacuno, porcino, ovino y caprino;
- Caballo, mula, burro, camello y similares;
- Aves de corral (pollo, pato, ganso, pavo, pintada);
- Liebre, conejo y animales de caza (antílope, ciervo, jabalí, faisán, urogallo, tordo, codorniz, etcétera);
- Desperdicios comestibles frescos, refrigerados o congelados;
- Carnes secas, saladas o ahumadas y desperdicios comestibles (salchichas, embutidos, salame, tocino, jamón, paté, etcétera);
- Otras carnes conservadas o procesadas y preparados de carne (carne envasada, extractos de carne, jugos de carne, tartas de carne, etcétera).

Incluye: carne y desperdicios comestibles de mamíferos marinos (focas, morsas, ballenas, etcétera) y animales exóticos (canguro, avestruz, caimán, etcétera), animales y aves de corral comprados vivos para su consumo como alimentos."
01.1.3,Pescado,"- Pescado fresco, refrigerado o congelado;
- Alimentos marinos frescos, refrigerados o congelados (crustáceos, moluscos y otros mariscos, caracoles de mar);
- Pescado y alimentos marinos secos, ahumados o salados;
- Otros pescados y alimentos marinos conservados o procesados, así como preparados de pescado o de alimentos marinos (pescado y alimentos marinos envasados, caviar y otras huevas, tartas de pescado, etcétera).

Incluye: cangrejos de tierra, caracoles de tierra y ranas; pescado y alimentos marinos comprados vivos para su consumo como alimentos."
01.1.4,"Leche, queso y huevos","- Leche cruda, leche pasteurizada o esterilizada;
- Leche condensada, evaporada o en polvo;
- Yogur, crema, postres lácteos, bebidas lácteas y otros productos lácteos análogos;
- Queso y cuajada;
- Huevos y productos derivados preparados íntegramente con huevos;

Incluye: leche, crema y yogur con azúcar, cacao, frutas o sabores; productos lácteos que no contengan leche de vaca, como la leche de soja."
01.1.5,Aceites y grasas,"- Mantequilla y productos derivados (aceite de mantequilla, ghee, etcétera);
- Margarina (incluida la margarina dietética) y otras grasas vegetales (incluida la mantequilla de maní);
- Aceites comestibles (aceite de oliva, aceite de maíz, aceite de girasol, aceite de semilla de algodón, aceite de soja, aceite de maní, aceite de nuez, etcétera);
- Grasas animales comestibles (manteca, etcétera)."
01.1.6,Frutas,"- Frutas frescas, refrigeradas o congeladas;
- Frutas secas, cáscaras de frutas, almendras de frutas, nueces y semillas comestibles;
- Frutas en conserva y productos a base de frutas.

Incluye: melones y sandías."
01.1.7,Legumbres-Hortalizas,"- Productos de huerta frescos, refrigerados o congelados que se cultiven por sus hojas y tallos (espárrago, brécol, coliflor, endivia, hinojo, espinaca, etcétera), por su fruto (berenjena, pepino, calabacín, pimiento verde, calabaza, tomate, etcétera), y por su raíz (remolacha, zanahoria, cebolla, chirivía, rábano, nabo, etcétera);
- Patatas y otros tubérculos frescos o refrigerados (yuca, arrurruz, mandioca, batata, etcétera);
- Legumbres y productos a base de legumbres conservados o procesados;
- Productos de tubérculos (harinas finas y harinas gruesas, copos, purés, escamas y hojuelas) con inclusión de preparados congelados como rodajas de patatas.

Incluye: aceitunas, ajo, leguminosas, maíz dulce, hinojo marino y otras algas comestibles; setas y otros hongos comestibles."
01.1.8,"Azúcar, mermelada, miel, chocolate y dulces de azúcar","- Azúcar de caña o remolacha sin refinar o refinada, en polvo, cristalizada o en terrones;
- Mermeladas, compotas, jaleas, purés y pastas de frutas, miel natural y artificial, jarabe de arce, melaza y partes de plantas conservadas en azúcar;
- Chocolate en barras o tabletas, goma de mascar, caramelos, toffees, grageas y otros dulces de azúcar;
- Alimentos y preparados para postres a base de cacao;
- Hielo comestible, helados y sorbetes.

Incluye: sucedáneos artificiales del azúcar."
01.1.9,Productos alimenticios n.e.p.,"- Sal, especias (pimienta, pimiento, jengibre, etcétera), hierbas culinarias (perejil, romero, tomillo, etcétera), salsas, condimentos, aderezos (mostaza, mayonesa, salsa de tomate, salsa de soja), vinagre;
- Preparados de polvos de hornear, levadura, postres, sopas, caldos, consomés, ingredientes culinarios, etcétera;
- Alimentos para lactantes homogeneizados y preparados dietéticos independientemente de su composición."
01.2.1,"Café, té y cacao","- Café, descafeinado o no, torrefacto o molido, incluido el café instantáneo;
- Té, mate y otros productos vegetales para infusiones;
- Cacao, edulcorado o no, y polvos a base de chocolate.

Incluye: preparados para bebidas a base de cacao, sucedáneos del café y del té, extractos y esencias de café y té."
01.2.2,"Aguas minerales, refrescos, jugos de frutas y de legumbres","- Aguas minerales o de manantial, cualquier agua potable que se venda envasada;
- Refrescos como bebidas carbonatadas, limonadas y colas;
- Jugos de frutas y de legumbres-hortalizas;
- Jarabes y concentrados para la preparación de bebidas."
02.1.1,Bebidas destiladas,"- Aguardientes, licores y otros destilados.

Incluye: hidromiel, y los aperitivos que no sean a base de vino (02.1.2)"
02.1.2,Vino,"- Vino, sidra y perada, incluido el saké.
- Aperitivos a base de vino, vino fortificado, champán y otros vinos espumosos."
02.1.3,Cerveza,"- Cerveza de todas clases, como ale, cerveza rubia (lager) y cerveza oscura fuerte (porter)

Incluye: cerveza de bajo contenido alcohólico y cerveza sin alcohol, cerveza con limonada."
02.2.0,Tabaco,"- Cigarrillos, tabaco de liar y papel de fumar;
- Cigarros, tabaco de pipa, tabaco de masticar o rapé."
02.3.0,Estupefacientes,"- Marihuana, opio, cocaína y sus derivados;
- Otros estupefacientes de origen vegetal, como la nuez de cola, la hoja de betel y la nuez de betel;
- Otros estupefacientes, incluidas las drogas químicas y sintéticas."
03.1.1,Materiales para prendas de vestir,"- Materiales para prendas de vestir hechos de fibras naturales o sintéticas, o de la mezcla de ambas."
03.1.2,Prendas de vestir,"- Prendas de vestir para hombres, mujeres, niños (de 3 a 13 años) y lactantes (de 0 a 2 años), tanto listas para llevar como hechas a medida, de todos los materiales (incluidos cuero, pieles, plásticos y goma), para llevar a diario, de deporte o para el trabajo;
- Capas, sobretodos, impermeables, anoraks, parcas, zamarras, chaquetas, pantalones, guerreras, ternos, trajes, vestidos, faldas, etcétera;
- Camisas, blusas, jerseys, suéteres, chaquetas de punto, pantalones cortos, trajes de baño, trajes de atletismo, chándales, sudaderas, camisetas, leotardos, etc.;
- Chalecos, calzoncillos, calcetines, medias, mallas, enaguas, corpiños, bragas, calzones, fajas, corsés, maillots, etcétera;
- Pijamas, camisas de dormir, camisones, batas, cambiadores, albornoces, etc.;
- Vestidos y botines de tela para lactantes."
03.1.3,Otros artículos y accesorios de vestir,"- Corbatas, pañuelos, bufandas, pañoletas, guantes, manoplas, manguitos, cinturones, tirantes, delantales, vestidos maternales, baberos, salvamangas, sombreros, gorras, boinas, capotes, etcétera.
- Hilos de coser, hilos de punto y accesorios de sastrería como hebillas, botones, broches de presión, cremalleras, cintas, encajes, ribetes, etcétera.

Incluye: guantes de jardinería y guantes de trabajo, cascos protectores para motociclistas y ciclistas."
03.1.4,"Limpieza, reparación y alquiler de prendas de vestir","- Limpieza en seco, lavandería y tinte de prendas de vestir;
- Zurcido, arreglo, reparación y modificación de prendas de vestir;
- Alquiler de prendas de vestir.

Incluye: importe total del servicio de reparación (es decir, tanto el costo de la mano de obra como el de los materiales)."
03.2.1,Zapatos y otros calzados,"- Calzado de todas clases para hombres, mujeres, niños (de 3 a 13 años) y lactantes (de 0 a 2 años), incluido el calzado deportivo que pueda utilizarse a diario o para actividades recreativas (calzado para correr, de carreras de fondo, de tenis, de baloncesto, náutico, etcétera).

Incluye: borceguíes, polainas y artículos análogos; cordones para zapatos; partes del calzado, como tacones, suelas, etcétera, compradas por los hogares para llevar a cabo reparaciones por su cuenta."
03.2.2,Reparación y alquiler de calzado,"- Reparación de calzado: servicios de limpieza de calzado;
- Alquiler de calzado.

Incluye: el importe total del servicio de reparación (es decir, tanto el costo de la mano de obra como el de los materiales)."
04.1.1,Alquileres efectivos pagados por los inquilinos,"- Alquileres efectivos pagados por los inquilinos o subarrendatarios que ocupan locales, amueblados o no, como residencia principal.

Incluye: los pagos de hogares que ocupen una habitación en un hotel o pensión como residencia principal."
04.1.2,Otros alquileres efectivos,- Los alquileres efectivos que se pagan por segundas residencias.
04.2.1,Alquileres imputados de los propietarios-ocupantes,- Los alquileres imputados de los propietarios que ocupan su residencia principal.
04.2.2,Otros alquileres imputados,"- Alquileres imputados por segundas residencias;
- Alquileres imputados de los hogares que pagan un alquiler reducido o que se alojan gratuitamente."
04.3.1,Materiales para la conservación y la reparación de la vivienda,"- Productos y materiales, como pinturas y barnices, enlucidos, papeles pintados, recubrimientos textiles para paredes, cristal para ventanas, yeso, cemento, masilla, colas de empapelar, etcétera, que se compren para la conservación y reparación menores de la vivienda.

Incluye: pequeños artículos de fontanería (tubos, grifos, juntas, etcétera), materiales para el acabado de superficies (tablones para el piso, baldosas de cerámica, etcétera) y cepillos y raspadores para pintura, barnices o papeles pintados."
04.3.2,Servicios para la conservación y la reparación de la vivienda,"- Servicios de fontaneros, electricistas, carpinteros, vidrieros, pintores, decoradores, pulidores, etcétera, para la conservación y reparación menores de la vivienda.

Incluye: importe total del servicio (es decir, tanto el coste de la mano de obra como el de los materiales)."
04.4.1,Suministro de agua,"- Suministro de agua.

Incluye: gastos relacionados como alquiler de contadores, lectura de contadores, gastos fijos, etcétera."
04.4.2,Recogida de basuras,- Recogida y eliminación de basuras.
04.4.3,Alcantarillado,- Alcantarillado y eliminación de residuos.
04.4.4,Otros servicios relacionados con la vivienda n.e.p.,"- Gastos de copropiedad en concepto de conservación, jardinería, limpieza de escaleras, calefacción y alumbrado, conservación de ascensores y ductos para el vertimiento de basuras, etcétera, en comunidades de vecinos;
- Servicios de seguridad;
- Retirada de nieve y limpieza de chimeneas."
04.5.1,Electricidad,"- Electricidad.

Incluye: gastos conexos, como alquiler de medidores, lectura de medidores, gastos fijos, etcétera."
04.5.2,Gas,"- Gas natural y gas de ciudad;
- Hidrocarburos licuados (butano, propano, etcétera).

Incluye: gastos conexos, como alquiler de medidores, lectura de medidores, recipientes de almacenamiento, gastos fijos, etcétera."
04.5.3,Combustibles líquidos,- Combustible para calefacción e iluminación domésticos.
04.5.4,Combustibles sólidos,"- Carbón, coque, briquetas, leña, carbón de leña, turba, etcétera."
04.5.5,Energía calórica,"- Agua caliente y vapor comprados a plantas de calefacción de distrito.

Incluye: gastos conexos, como alquiler de medidores, lectura de medidores, gastos fijos, etcétera; hielo empleado para enfriamiento y refrigeración."
05.1.1,Muebles y accesorios,"- Camas, sofás, sillones, mesas, sillas, aparadores, armarios y bibliotecas;
- Equipo de iluminación, como luces para cielo raso, lámparas estándar, apliques y veladores;
- Cuadros, esculturas, grabados, tapices y otros objetos artísticos, incluidas las reproducciones de obras de arte y otros ornamentos;
- Biombos, tabiques plegables y otros muebles y accesorios.

Incluye: entrega e instalación, cuando proceda; somieres, colchones, tatamis; gabinetes de baño; muebles para lactantes, como cunas, sillas altas y corralitos; persianas, muebles para campamento y jardín; espejos, candelabros y velas."
05.1.2,Alfombras y otros materiales para pisos,"- Alfombras sueltas, alfombras de medida, linóleo y otros materiales similares para pisos.

Incluye: colocación de los materiales."
05.1.3,"Reparación de muebles, accesorios y materiales para pisos","- Reparación de muebles, accesorios y materiales para pisos.

Incluye: el valor total del servicio (o sea, se incluye tanto el costo de la mano de obra como el de los materiales); restauración de obras de arte, muebles antiguos y materiales para pisos antiguos que no sean los adquiridos principalmente por su valor (formación de capital)."
05.2.0,Productos textiles para el hogar,"- Telas para muebles, material para cortinas, cortinas, cortinas dobles, toldos, cortinas para puertas y persianas de tela;
- Ropa de cama como colchonetas, almohadas, almohadones y hamacas;
- Ropa de cama como sábanas, fundas de almohada, mantas, mantas de viaje, tartanes, edredones, cubrecamas y mosquiteros;
- Ropa de mesa y de tocador, como manteles, servilletas y toallas;
- Otros productos textiles para el hogar, como sacos para compras, sacos para ropa, sacos para zapatos, cubrerropas y cubremuebles, banderas, toldos, etcétera;
- La reparación de ese tipo de artículos.

Incluye: tela comprada por pieza, hules, alfombras de baño, esteras de junco y felpudos."
05.3.1,"Artefactos para el hogar grandes, eléctricos o no","- Neveras, congeladores y neveras/congeladores;
- Lavarropas, secadoras, gabinetes de secado, lavaplatos, máquinas de planchado y prensado;
- Hervidores, asadores, repisas de hogares, cocinas, hornos y hornos de microondas;
- Acondicionadores de aire, humidificadores, calentadores de ambiente, calentadores de agua, ventiladores y extractores de aire con campana;
- Aspiradoras, máquinas de limpieza al vapor, máquinas de lavado de alfombras y máquinas de lijado y rasqueteado, encerado y lustrado de pisos;
- Otros artefactos para el hogar grandes, como cajas fuertes, máquinas de coser, máquinas de tejer, máquinas para quitar dureza al agua.

Incluye: entrega e instalación de los artefactos, cuando proceda."
05.3.2,Artefactos eléctricos para el hogar pequeños,"- Molinillos de café, cafeteras, extractores de jugo, abrelatas, procesadoras de alimentos, freidoras, asadoras de carne, cuchillos, tostadoras, máquinas de hacer helados, sorbetes y yogur, hornillos, planchas, teteras, ventiladores, mantas eléctricas, etcétera."
05.3.3,Reparación de artefactos para el hogar,"- Reparación de artefactos para el hogar.

Incluye: el valor total del servicio (es decir, se incluye tanto el costo de la mano de obra como de los materiales); cargos por alquiler de artefactos grandes para el hogar."
05.4.0,"Artículos de vidrio y cristal, vajilla y utensilios para el hogar","- Artículos de vidrio, cristal, cerámica y porcelana utilizados para la mesa, la cocina, el baño, el tocador, la oficina y la decoración de interiores;
- Cuchillos, cubiertos y platería;
- Utensilios de cocina que no sean eléctricos y artefactos como cacerolas, ollas, ollas a presión, sartenes, molinillos de café, pasapurés, picadoras, hornillos, balanzas para el hogar y otros aparatos mecánicos similares;
- Artículos para el hogar, que no sean eléctricos, y cualquier tipo de material, como recipientes para pan, café, especies, etcétera, cubos de basura, cestos para papeles, cestos para ropa, cajas de seguridad portátiles y cajas con cerradura, toalleros, bodeguitas, planchas y tablas de planchar, buzones, biberones, termos y heladeras portátiles;
- La reparación de ese tipo de artículos."
05.5.1,Herramientas y equipo grandes,"- Herramientas y equipo motorizados, como taladros, sierras, pulidoras y cortadoras eléctricos, tractores para jardín, cortadoras de césped, cultivadores, sierras de cadena y bombas de agua;
- La reparación de ese tipo de artículos.

Incluye: los cargos por el alquiler de maquinaria y equipo para aficionados."
05.5.2,Herramientas pequeñas y accesorios diversos,"- Herramientas de mano como sierras, martillos, destornilladores, llaves de tuercas, pinzas, cepilladoras, escofinas y limas;
- Herramientas de jardín como carretillas, regaderas, mangueras, azadas, palas, rastrillos, tridentes, guadañas, hoces y secadores;
- Escaleras;
- Accesorios para puertas (bisagras, manijas y cerraduras), accesorios para radiadores y hogares, otros artículos de metal para el hogar (rieles para cortinas, varillas para alfombras, ganchos, etcétera) o para el jardín (cadenas, cuadrículas, estacas y segmentos de arco para verjas y bordes);
- Accesorios eléctricos pequeños, como enchufes e interruptores eléctricos, cables, bombillas eléctricas, tubos fluorescentes, soldadores y sopletes, linternas, lámparas de mano, baterías eléctricas para uso general, timbres y alarmas;
- La reparación de ese tipo de artículos."
05.6.1,Bienes para el hogar no duraderos,"- Productos de limpieza y conservación, como jabones, polvos de lavar, jabones en polvo, jabones líquidos, polvos de limpieza, detergentes, lejías desinfectantes, suavizantes, acondicionadores, productos para la limpieza de ventanas, ceras, lustradores, anilinas, destapadores, desinfectantes, insecticidas, fungicidas y agua destilada;
- Artículos de limpieza como escobas, estregaderas, cogedores para la basura y cepillos de limpieza, plumeros, paños de cocina, trapos de piso, esponjas para el hogar, polvos de limpieza, lanas de acero y gamuzas;
- Productos de papel, como filtros, manteles y servilletas; toallas de papel, bolsas para aspiradoras y vajilla descartable de cartón, incluidos el papel de aluminio y revestimientos plásticos para recipientes;
- Otros artículos para el hogar no duraderos, como fósforos, mechas para lámparas, alcoholes desnaturalizados, colgadores, perchas, alfileres, imperdibles, agujas de coser, agujas de tejer, dedales, clavos, tornillos, tuercas y pernos, tachuelas, arandelas, adhesivos y cintas adhesivas de uso doméstico, cuerdas, cordeles y guantes de goma.

Incluye: pomadas, cremas y otros artículos para la limpieza de calzado; extintores de incendios para los hogares."
05.6.2,Servicios domésticos y para el hogar,"- Servicios domésticos a cargo de personal pagado, empleado en servicio privado, como mayordomos, cocineros, mucamas, conductores, jardineros, institutrices, secretarios, tutores y niñeras;
- Servicios similares, incluidos los servicios de niñeras y mucamas a cargo de empresas o de empleados independientes;
- Servicios para el hogar, como limpieza de ventanas, desinfección, fumigación y exterminación de insectos y alimañas;
- Limpieza en seco, lavado y teñido de ropa, tejidos y alfombras hogareños;
- Alquiler de mobiliario, accesorios, alfombras, equipo para el hogar y ropa para el hogar."
06.1.1,Productos farmacéuticos,"- Preparaciones médicas, medicamentos, medicamentos patentados, sueros y vacunas, vitaminas y minerales, aceite de hígado de bacalao y aceite de hígado de mero, anticonceptivos orales."
06.1.2,Otros productos médicos,"- Termómetros clínicos, vendas adhesivas y no adhesivas, agujas hipodérmicas, botiquines de primeros auxilios, botellas de agua caliente y bolsas de hielo, productos para traumatología como medias elásticas y soportes para rodilla, pruebas de embarazo, preservativos y otros dispositivos anticonceptivos mecánicos."
06.1.3,Artefactos y equipo terapéuticos,"- Anteojos de corrección y lentes de contacto, audífonos, ojos de vidrio, miembros artificiales y otros artefactos prostéticos, soportes ortopédicos, calzado ortopédico, cinturones quirúrgicos, bragueros y soportes, soportes de cuello, equipo de masaje médico y lámparas sanitarias, sillas de rueda motorizadas o no y vehículos para discapacitados, camas ""especiales"", muletas, artefactos electrónicos y de otro tipo para la medición de la presión sanguínea, etcétera;
- Reparación de ese tipo de artículos.

Incluye: dentaduras postizas, pero no el costo de su instalación."
06.2.1,Servicios médicos,"- Consultas a médicos en general o a especialistas.

Incluye: servicios de especialistas en ortodoncia."
06.2.2,Servicios dentales,"- Servicios de dentistas, higienistas y otros auxiliares.

Incluye: costo de la aplicación de las dentaduras postizas."
06.2.3,Servicios paramédicos,"- Servicios de laboratorios de análisis médicos y centros radiográficos;
- Servicios de enfermeras y obstetras independientes;
- Servicios de acupunturistas, traumatólogos, optometristas, fisioterapistas, fonoaudiólogos independientes, etcétera;
- Terapia de gimnasia correctiva recetada por médicos;
- Baños termales o tratamientos con agua de mar para pacientes externos;
- Servicios de ambulancia;
- Alquiler de equipo terapéutico.

Incluye: servicios de especialistas en medicina tradicional."
06.3.0,Servicios de hospital,"Los servicios de hospital incluyen la prestación de los servicios siguientes a los pacientes internos:
- Servicios básicos: administración, alojamiento, comida y bebida, supervisión y atención por personal no especializado (auxiliares de enfermería), primeros auxilios y vuelta en sí, transporte en ambulancias, suministros de medicamentos y otros productos farmacéuticos; suministro de artefactos y equipo terapéuticos;
- Servicios médicos: servicios de médicos generales o de especialistas, cirujanos y dentistas; análisis médicos y radiografías; servicios paramédicos, como los de enfermeros, obstetras, traumatólogos, optometristas, fisioterapeutas, fonoaudiólogos, etcétera."
07.1.1,Vehículos a motor,"- Vehículos a motor, vehículos para pasajeros, camionetas y otros vehículos similares, con tracción en dos o cuatro ruedas."
07.1.2,Motocicletas,"- Motocicletas de todo tipo, motonetas y bicicletas con motor.

Incluye: el cochecito lateral para motocicletas; vehículos para nieve."
07.1.3,Bicicletas,"- Bicicletas y triciclos de todo tipo.

Incluye: carruajes de tracción humana (""rickshaws"")."
07.1.4,Vehículos de tracción animal,"- Vehículos de tracción animal.

Incluye: los animales necesarios para tirar de los vehículos y el equipo conexo (yugos, collares, arneses, frenos, riendas, etcétera)."
07.2.1,Piezas de repuesto y accesorios para equipo de transporte personal,"Neumáticos (nuevos, usados o recauchutados), cámaras para neumáticos, bujías, baterías, amortiguadores, filtros, bombas y otras piezas de repuesto o accesorios para equipo de transporte personal.

Incluye: extintores de incendios para equipo de transporte; productos empleados concretamente para la limpieza y la conservación de equipo de transporte, como pintura, limpiadores de cromo, selladores y ceras para carrocería; cubiertas para automotores, motocicletas, etcétera."
07.2.2,Combustibles y lubricantes para equipo de transporte personal,"- Gasolina y otros combustibles, como combustible diésel, gas licuado, alcohol y mezclas para motores de dos tiempos;
- Lubricantes, fluidos para frenos y transmisión, líquidos refrigerantes y aditivos.

Incluye: combustible para las herramientas y equipo grandes incluidos en el rubro (05.5.1) y para los vehículos de recreación incluidos en el rubro (09.2.1)."
07.2.3,Conservación y reparación de equipo de transporte personal,"- Servicios adquiridos para la conservación y reparación de equipo de transporte personal, como instalación de partes y accesorios, balanceo de ruedas, inspección técnica, servicios en casos de rotura, cambios de aceite, engrasado y lavado.

Incluye: el valor total del servicio (o sea, se incluye tanto el costo de la mano de obra como el de los materiales)."
07.2.4,Otros servicios relativos al equipo de transporte personal,"- Alquiler de garajes o espacios de estacionamiento que no se refieran al estacionamiento prestado por el edificio;
- Instalaciones de peaje (puentes, túneles, transbordadores, autopistas) y parquímetros;
- Lecciones de conducir, ensayos de conducción y licencias para conducir;
- Ensayos para determinar la condición del vehículo;
- Alquiler de equipo de transporte personal, sin conductor."
07.3.1,Transporte de pasajeros por ferrocarril,"- Transporte de personas o grupos de personas y equipaje por tren, tranvía y subterráneo.

Incluye: transporte de vehículos privados."
07.3.2,Transporte de pasajeros por carretera,"- Transporte de personas o grupos de personas y equipaje por ómnibus, colectivo, taxi o vehículo alquilado con chófer."
07.3.4,Transporte de pasajeros por mar y cursos de agua interiores,"- Transporte de personas o grupos de personas y equipaje por buque, navío, transbordador, vehículo de colchón de aire y aerodeslizador.

Incluye: transporte de vehículos privados."
07.3.5,Transporte combinado de pasajeros,"- Transporte de personas y grupos de personas y equipaje por dos o más modos de transporte, cuando el gasto no se puede distribuir entre ellos.

Incluye: transporte de vehículos privados."
07.3.6,Otros servicios de transporte adquiridos,"- Transporte por funicular, cablecarril y aerosilla;
- Servicios de remoción y almacenamiento;
- Servicios de portería, de depósito de equipaje y oficinas dedicadas al transporte de equipaje;
- Comisiones de los agentes de viaje, si se cobran por separado."
08.1.0,Servicios postales,"- Pago para el envío de cartas, postales y paquetes;
- Correo privado y envío de paquetes.

Incluye: todas las compras de nuevos sellos postales, tarjetas postales con el franqueo pagado y aerogramas."
08.2.0,Equipo telefónico y de facsímile,"- Compra de teléfonos, radioteléfonos, máquinas de facsímile, contestadores automáticos y altoparlantes para teléfonos;
- La reparación de ese tipo de equipo."
08.3.0,Servicios telefónicos y de facsímile,"- Gastos de instalación y subscripción del equipo telefónico personal;
- Llamadas telefónicas de una línea privada o de una línea pública (teléfono público, cabina en oficinas de correos, etcétera); llamadas telefónicas desde hoteles, cafés, restaurantes y lugares similares;
- Servicios de telegrafía, télex y facsímile;
- Servicios de transmisión de información; servicios de conexión a la Internet;
- Alquiler de teléfonos, máquinas de facsímile, contestadores telefónicos y altoparlantes para teléfonos.

Incluye: servicios de radiotelefonía, radiotelegrafía y radiotélex."
09.1.1,"Equipo para la recepción, grabación y reproducción de sonidos e imágenes","- Aparatos de televisión, reproductoras y grabadores en cinta de vídeo, antenas de televisión de todo tipo;
- Aparatos de radio, radios para automóviles, radiorrelojes, transmisores/receptores de radio, receptores y transmisores para radioaficionados;
- Tocadiscos, reproductoras y grabadoras de cinta, reproductoras y grabadoras de casetes, aparatos de CD, aparatos estereofónicos personales, sistemas estereofónicos y sus componentes (bandejas giradiscos, sintonizadores, amplificadores, altoparlantes, etcétera), micrófonos y audífonos."
09.1.2,Equipo fotográfico y cinematográfico e instrumentos ópticos,"- Cámaras fotográficas, cámaras cinematográficas y cámaras grabadoras de sonido, videocámaras y cámaras grabadoras, proyectores de películas y diapositivas, ampliadoras y equipo de procesamiento fotográfico, accesorios (pantallas, visores, lentes, lámparas de destello, filtros, fotómetros, etcétera);
- Binoculares, microscopios, telescopios y brújulas."
09.1.3,Equipo de procesamiento e información,"- Computadoras personales y monitores, pantallas, impresoras, programas y accesorios diversos que las acompañan; paquetes de programas para computadoras, como sistemas operativos, aplicaciones, lenguajes, etcétera;
- Calculadoras, incluidas las calculadoras de bolsillo;
- Máquinas de escribir y procesadores de texto.

Incluye: servicios de facsímile y contestadores telefónicos suministrados por computadoras personales."
09.1.4,Medios para grabación,"- Discos y discos compactos;
- Cintas pregrabadas, casetes, casetes de vídeo, disquetes y CD-ROM para grabadoras de cinta, grabadoras de casete, grabadoras de vídeo y computadoras personales;
- Cintas, casetes, casetes de vídeo, disquetes y CD-ROM vírgenes para grabadoras de cinta, grabadoras de casete, grabadoras de vídeo y computadoras personales;
- Películas, cartuchos y discos vírgenes para uso fotográfico y cinematográfico.

Incluye: cintas pregrabadas y discos compactos de novelas, obras de teatro, poesía, etcétera; disquetes pregrabados y CD-ROM que contengan libros, diccionarios, enciclopedias, cursos de idiomas, presentaciones multimedia, etcétera, en forma de programas de computadora; artículos para fotografía, como papel y lámparas de destello; película virgen en cuyo precio se incluye el costo del revelado sin identificarlo por separado."
09.1.5,"Reparación de equipo audiovisual, fotográfico y de procesamiento de información","- Reparación de equipo audiovisual, fotográfico y de procesamiento de información.

Incluye: el valor total del servicio (o sea, se incluye tanto el costo de la mano de obra como el de los materiales)."
09.2.1,Artefactos duraderos importantes para recreación en exteriores,"- Casas rodantes y remolques;
- Aeroplanos, aeronaves ligeras, planeadores, alas delta y globos de aire caliente;
- Botes, motores de fuera de borda, velas, aparejos y superestructura;
- Caballos y ponis, vehículos a tracción de caballos o ponis y equipo conexo (arneses, frenos, riendas, monturas, etcétera);
- Artículos importantes para juegos y deportes, como canoas, kayaks, tablas de surf a vela, equipo de buceo y carros de golf.

Incluye: preparación de botes, casas rodantes, etcétera."
09.2.2,Instrumentos musicales y equipos duraderos importantes para recreación en interiores,"- Instrumentos musicales de todos los tamaños, incluidos los instrumentos musicales electrónicos, como pianos, órganos, violines, guitarras, baterías, trompetas, clarinetes, flautas, flautas dulces, armónicas, etcétera;
- Mesas de billar, mesas para tenis de mesa, máquinas de ""pin-ball"", máquinas para juegos, etcétera."
09.2.3,Conservación y reparación de otros bienes duraderos importantes para recreación y cultura,"- Conservación y reparación de otros artefactos duraderos importantes para recreación y cultura.

Incluye: el valor total del servicio (es decir, se incluye tanto el costo de la mano de obra como el de los materiales); preparación para el invierno de botes, casas rodantes, etcétera; servicios de hangar para aviones privados; servicios de muelle para botes; servicios veterinarios y de otro tipo (estabulación, herrería, alimentación, etcétera) para caballos y ponis comprados para entretenimiento."
09.3.1,"Juegos, juguetes y aficiones","- Juegos de naipes, juegos de salón, juegos de ajedrez y otros similares;
- Juguetes de todo tipo, con inclusión de muñecas, juguetes blandos, autos y trenes de juguete, bicicletas y triciclos de juguete, equipos de construcción de juguete, rompecabezas, plastilina, juegos electrónicos, máscaras, disfraces, bromas, novedades, fuegos artificiales y cohetes, guirnaldas y decoraciones para árboles de Navidad;
- Artículos para la colección de estampillas (sellos postales usados o cancelados, álbumes para estampillas, etcétera), otros artículos de colección (monedas, medallas, minerales, especímenes zoológicos y botánicos, etcétera) y otras herramientas y artículos necesarios para las aficiones.

Incluye: programas para videojuegos; computadoras de videojuegos que se enchufan en el aparato de televisión; casetes y CD-ROM de videojuegos."
09.3.2,"Equipo de deportes, campamentos y recreación al aire libre","- Equipo de gimnasia, educación física y deportes, como pelotas, rehiletes, redes, raquetas, bates, esquís, palos de golf, floretes, sables, pértigas, pesas, discos, jabalinas, pesas de mano, ampliadores pectorales y otros equipos para el desarrollo de la musculatura;
- Paracaídas y otro equipo de paracaidismo;
- Armas de fuego y municiones para caza, deporte y protección personal;
- Cañas de pescar y otro equipo de pesca;
- Equipo para juegos de playa y al aire libre, como bolos, croquet, ""frisbee"", voleibol, botes, balsas y piscinas inflables;
- Equipo de campamento, como tiendas y accesorios, sacos de dormir, mochilas, colchones de aire e infladores, cocinas y parrillas de campamento;
- La reparación de ese tipo de artículos.

Incluye: calzado para deportes (botas de esquí, botines de fútbol, zapatos de golf y otro tipo de calzado con cuchillas de patinaje, ruedas, clavos, etcétera); equipo de protección para deportes; otro equipo de protección para deportes como chalecos salvavidas, guantes de boxeo, acolchado para el cuerpo, canilleras, anteojeras, cinturones, soportes, etcétera."
09.3.3,"Jardines, plantas y flores","- Flores y hojas naturales o artificiales, plantas, arbustos, bulbos, tubérculos, semillas, fertilizantes, abonos, turba de jardín, césped para patios, suelos tratados especialmente para jardines ornamentales, preparaciones hortícolas, macetas y portamacetas.

Incluye: árboles de Navidad naturales y artificiales; cargos por entrega de flores y plantas."
09.3.4,Animales domésticos y productos conexos,"- Animales domésticos, alimentos para animales domésticos, productos de veterinaria y cuidado de animales domésticos, collares, traíllas, perreras, jaulas, acuarios, materiales absorbentes para la higiene de gatos, etcétera."
09.3.5,Servicios de veterinaria y de otro tipo para animales domésticos,"- Servicios de veterinaria y de otro tipo para animales domésticos, como acicalamiento, alojamiento, tatuaje y entrenamiento."
09.4.1,Servicios de recreación y deportivos,"- Servicios prestados por:
* Estadios deportivos, hipódromos, autódromos, velódromos, etcétera;
* Pistas de patinaje, piscinas, canchas de golf, gimnasios, centros de preparación física, canchas de tenis, canchas de ""squash"" y canchas de bolos;
* Ferias y parques de diversiones;
* Tiovivos, columpios de tabla y otros juegos de plaza para niños;
* Máquinas de ""pin-ball"" y otros juegos para adultos que no sean de azar;
* Pistas de esquí, aerosillas y otras instalaciones similares;
- Alquiler de equipo y accesorios para deporte y recreación, como aeroplanos, botes, caballos, equipo de esquí y campamento;
- Lecciones individuales o en grupo, fuera de instituciones, de bridge, ajedrez, gimnasia, baile, música, patinaje, esquí, natación y otros pasatiempos;
- Servicios de guías de montaña, guías de viaje, etcétera;
- Servicios de asistencia a la navegación para botes.

Incluye: alquiler de calzado para deportes concretos (botas de esquí, botines de fútbol, zapatos de golf y calzado de ese tipo con cuchillas de patinaje, ruedas, clavos, etcétera)."
09.4.2,Servicios culturales,"- Servicios prestados por:
* Cines, teatros, teatros de ópera, salas de concierto, teatros de variedades, circos, espectáculos de luz y sonido;
* Museos, bibliotecas, galerías de arte, exposiciones;
* Monumentos históricos, parques nacionales, jardines zoológicos y botánicos, acuarios;
- Alquiler de equipo y accesorios para cultura, aparatos de televisión, reproductoras de vídeo, etcétera;
- Transmisiones de televisión y radio, en particular las tarifas de licencia para equipo de televisión y suscripción a redes de televisión;
- Servicios de fotógrafos, revelado de películas, procesamiento de impresiones, ampliación, fotografía de retratos, de bodas, etcétera.

Incluye: servicios de músicos, payasos y actores para entretenimiento privado."
09.4.3,Juegos de azar,"- Cargos de servicio para loterías, apostadores, totalizadores, casinos y otros establecimientos de juego, máquinas de juego, salones de bingo, tarjetas de raspado, sorteos, etcétera (el cargo de servicio se define como la diferencia entre la suma pagada por los billetes de lotería o apostada y la suma pagada a los ganadores)."
09.5.1,Libros,"- Libros, incluidos atlas, diccionarios, enciclopedias, libros de texto, guías y partituras musicales.

Incluye: álbumes y álbumes de recortes para niños; encuadernado."
09.5.2,Diarios y periódicos,"- Diarios, revistas y otros periódicos."
09.5.3,Material impreso diverso,"- Catálogos y material de publicidad;
- Carteles, tarjetas postales lisas o con imágenes, calendarios;
- Tarjetas de felicitación o de visita, anuncios y tarjetas con mensajes;
- Mapas y globos terráqueos."
09.5.4,Papel y útiles de oficina y materiales de dibujo,"- Anotadores, sobres, libros de contabilidad, cuadernos, diarios, etcétera;
- Lapiceros, lápices, lapiceras fuente o plumas estilográficas, bolígrafos, marcadores, tintas, gomas de borrar, sacapuntas, etcétera;
- Esténciles y modelos calados para estarcir, papel carbón, cintas para máquina de escribir, almohadillas entintadas, líquidos correctores, etcétera;
- Perforadoras de papel, cortadoras de papel, tijeras para papel, gomas y adhesivos para oficina, grapadoras y grapas, broches para papel, alfileres para dibujo, etc.;
- Materiales de dibujo y pintura, como telas, papel, cartón, pinturas, lápices blandos para colorear, pasteles y pinceles.

Incluye: cartuchos de tóner y de tinta, materiales educativos como libros con ejercicios, reglas de cálculo, instrumentos de geometría, pizarras, tiza y estuches para lápices."
09.6.0,Paquetes turísticos,"- Vacaciones o viajes con todo incluido, a saber, viaje, comida, alojamiento, guías, etcétera.

Incluye: viajes de excursión de medio día y un día de duración; peregrinajes."
10.1.0,Enseñanza preescolar y enseñanza primaria,"- Niveles 0 y 1 de la CINE-97: enseñanza preescolar y primaria.

Incluye: programas de alfabetización para alumnos de edad muy superior a la que corresponde a la escuela primaria."
10.2.0,Enseñanza secundaria,"- Niveles 2 y 3 de la CINE-97: primer y segundo ciclo de enseñanza secundaria.

Incluye: enseñanza secundaria extraescolar para adultos y jóvenes."
10.3.0,"Enseñanza postsecundaria, no terciaria","- Nivel 4 de la CINE-97: enseñanza postsecundaria, no terciaria.

Incluye: enseñanza postsecundaria, no terciaria, extraescolar para adultos y jóvenes."
10.4.0,Enseñanza terciaria,- Niveles 5 y 6 de la CINE-97: primer y segundo ciclo de la enseñanza terciaria.
10.5.0,Enseñanza no atribuible a ningún nivel,"- Programas educativos, generalmente para adultos, que no requieren ninguna instrucción previa especial, en particular la capacitación profesional y el desarrollo cultural."
11.1.1,"Restaurantes, cafés y establecimientos similares","- Servicios de suministro de comidas por contrato (comidas, refrigerios, bebidas y refrescos) servidos por restaurantes, cafés, bufés, bares, salones de té, etcétera, incluidos los suministrados:
- En lugares que proporcionen servicios recreativos, culturales, deportivos o espectáculos: teatros, cines, estadios deportivos, piscinas, complejos deportivos, museos, galerías de arte, clubes nocturnos, salas de baile, etcétera;
- En medios de transporte público (autobuses, trenes, barcos, aviones, etcétera) cuando se pagan por separado;

Incluye asimismo:
- La venta de productos alimenticios y bebidas para el consumo inmediato en quioscos, puesto de vendedores ambulantes y lugares similares, incluidos los productos alimenticios y las bebidas que se venden listos para el consumo en máquinas automáticas;
- La venta de platos cocinados en restaurantes, para el consumo fuera de sus locales;
- La venta de platos cocinados por contratistas de servicios de suministros de comidas, ya se entreguen en el domicilio del cliente o sean recogidos personalmente por éste.

Incluye: las propinas."
11.1.2,Comedores,"- Servicios de suministro de comidas en comedores de empresas, oficinas y escuelas, universidades y otros centros de enseñanza.

Incluye: los comedores universitarios, los de tropa y de oficiales del ejército."
11.2.0,Servicios de alojamiento,"- Servicios de alojamiento en:
* Hoteles, pensiones, moteles, posadas y hostales;
* Poblados y centros de vacaciones, terrenos para camping y caravanas, albergues juveniles y chalés de montaña;
* Internados, universidades y otros centros docentes;
* Transporte público (trenes, barcos, etcétera) cuando se pagan los servicios por separado;
* Albergues para jóvenes trabajadores o inmigrantes.

Incluye: propinas y maleteros."
12.1.1,Salones de peluquería y establecimientos de cuidados personales,"- Salones de peluquería, barberías, salones de belleza, manicuras, pedicuros, baños turcos, saunas, solarios, masajes no terapéuticos, etcétera.

Incluye: cuidados corporales, depilación y servicios similares."
12.1.2,Aparatos eléctricos para el cuidado personal,"- Máquinas de afeitar y de cortar el pelo eléctricas, secadores de pelo de mano y de casco, tenazas para rizar el cabello y peines para marcar, lámparas ultravioletas, vibradores, cepillos de dientes eléctricos y otros aparatos eléctricos para la higiene dental, etcétera;
- Reparación de dichos aparatos."
12.1.3,"Otros aparatos, artículos y productos para la atención personal","- Aparatos no eléctricos: máquinas de afeitar y de cortar el pelo y cuchillas para las mismas, tijeras, limas de uñas, peines, brochas de afeitar, cepillos del pelo, cepillos de dientes, cepillos para las uñas, horquillas para el pelo, rizadores de pelo, balanzas personales y pesabebés, etcétera;
- Artículos para la higiene personal: jabón de tocador, jabón medicinal, aceite y leche limpiadores, jabón de afeitar, crema y espuma de afeitar, pasta de dientes, etcétera;
- Productos de belleza: barras de labios, barniz de las uñas, productos de maquillaje y de eliminación del mismo (incluidos los polvos de tocador compactos, los cepillos y las brochas para la aplicación de los polvos de tocador), lacas y lociones para el cabello, productos para antes y después del afeitado, bronceadores para el sol, depiladores, perfumes y agua de colonia, desodorantes personales, productos para el baño, etcétera;
- Otros productos: papel higiénico, pañuelos y toallas de papel, paños higiénicos, algodón, tapones de algodón, pañales, esponjas de baño, etcétera."
12.2.0,Prostitución,- Servicios facilitados por prostitutas y otros servicios.
12.3.1,"Joyería, relojes de pared y relojes de pulsera","- Piedras y metales preciosos y joyas fabricadas con dichas piedras y metales;
- Bisutería, gemelos y alfileres de corbata;
- Relojes de pared, relojes de pulsera, cronómetros, despertadores, relojes de viaje;
- Reparación de esos artículos."
12.3.2,Otros efectos personales,"- Artículos de viajes y otros artículos para el transporte de efectos personales: maletas, baúles, bolsas de viaje, maletines, carteras, bolsas, billeteras, bolsos, etcétera;
- Artículos para bebés: cochecitos de niño, sillitas, cestos, hamaquitas, cunas y asientos para el coche, portabebés delanteros y de espalda, correas y andadores, etcétera;
- Artículos para fumador: pipas, encendedores, pitilleras, cortapuros, etcétera;
- Artículos personales varios: gafas de sol, bastones, paraguas y sombrillas, abanicos, llaveros, etcétera;
- Artículos de funeraria: ataúdes, lápidas, urnas, etcétera;
- Reparación de dichos artículos.

Incluye: recargas de gas para encendedores, termómetros de pared y barómetros."
12.4.0,Protección social,"Estos servicios incluyen la atención en instituciones, la ayuda prestada en los propios hogares, guarderías y servicios de rehabilitación. De forma más específica, en este apartado se incluyen los pagos realizados por las familias para:
- Hogares de jubilación para las personas de edad avanzada, residencias para personas discapacitadas, centros de rehabilitación que proporcionen ayuda a pacientes durante períodos largos de tiempo más bien que asistencia sanitaria y terapia de rehabilitación, escuelas para personas incapacitadas donde el principal objetivo sea ayudar a los alumnos a superar su incapacidad;
- Ayudar a mantener en sus hogares a las personas de edad incapacitadas (servicios de limpieza del hogar, programas de comidas, guarderías, servicios de guarderías y de vacaciones);
- Nodrizas, casas cuna, hogares de recreo y otras instalaciones para el cuidado de los niños;
- Servicios consultivos, de orientación, arbitraje, servicios de acogida y adopción para las familias."
12.5.1,Seguro de vida,"- Los cargos por servicio correspondientes al seguro de vida, al seguro de prestación en caso de fallecimiento, al seguro de educación, etcétera."
12.5.2,Seguro relacionado con la vivienda,"- Cargos por servicio pagados por los propietarios ocupantes de una vivienda y por los inquilinos, correspondientes a los tipos de seguro que habitualmente suscriben los inquilinos, contra incendio, robo, daños provocados por el agua, etcétera."
12.5.3,Seguro relacionado con la salud,- Cargos por servicio correspondientes al seguro de enfermedad y accidentes.
12.5.4,Seguro relacionado con el transporte,"- Cargos por servicio correspondientes a seguros relacionados con el equipo de transporte personal;
- Cargos por servicio correspondientes al seguro de viaje y equipaje."
12.5.5,Otros seguros,- Cargos por servicio correspondientes a otros seguros como el de responsabilidad civil por lesiones o daños a terceros o a su propiedad.
12.6.1,SIFMI,- Servicios de intermediación financiera medidos indirectamente.
12.6.2,Otros servicios financieros n.e.p.,"- Costos reales de los servicios financieros de los bancos, oficinas de correo, cajas de ahorro, bancos de cambio de divisas e instituciones financieras similares;
- Honorarios y cargos por servicio de agentes, asesores de inversión, consultores fiscales y servicios similares;
- Costos administrativos de los fondos privados de pensiones y servicios similares."
12.7.0,Otros servicios n.e.p.,"- Honorarios por servicios de asesoramiento jurídico, agencias de contratación de personal, etcétera;
- Gastos en pompas fúnebres y en otros servicios de funerales;
- Pago por servicios de agentes inmobiliarios, de viviendas, subastadores, operadores de ventas y otros intermediarios;
- Pago por fotocopias y otras reproducciones de documentos;
- Honorarios por la emisión de certificados de nacimiento, matrimonio y muerte y otros documentos administrativos;
- Pago por noticias y anuncios en la prensa;
- Pago por los servicios de grafólogos, astrólogos, detectives privados, guardaespaldas, agencias matrimoniales y asesores de orientación matrimonial, escribanos, concesionarios varios (de asientos, retretes, guardarropas), etcétera."
13.1.0,Vivienda,"- Tal como se especifica en la CFISFL, 01.0.0. Corresponde a (04.1.1) y (14.1.0)."
13.2.1,Productos farmacéuticos,"- Tal como se especifica en CFISFL, 02.1.1. Corresponde a (06.1.1) y (14.2.1)."
13.2.2,Otros productos médicos,"- Tal como se especifica en CFISFL, 02.1.2. Corresponde a (06.1.2) y (14.2.2)."
13.2.3,Aparatos y equipo terapéuticos,"- Tal como se especifica en CFISFL, 02.1.3. Corresponde a (06.1.3) y (14.2.3)."
13.2.4,Servicios médicos ambulatorios,"- Tal como se especifica en CFISFL, 02.2.1. Corresponde a (06.2.1) y (14.2.4)."
13.2.5,Servicios dentales ambulatorios,"- Tal como se especifica en CFISFL, 02.2.2. Corresponde a (06.2.2) y (14.2.5)."
13.2.6,Servicios paramédicos ambulatorios,"- Tal como se especifica en CFISFL, 02.2.3. Corresponde a (06.2.3) y (14.2.6)."
13.2.7,Servicios hospitalarios,"- Tal como se especifica en CFISFL, 02.3.0. Corresponde a (06.3.0) y (14.2.7)."
13.2.8,Otros servicios de salud,"- Tal como se especifica en CFISFL, 02.4.0, 02.5.0 y 02.6.0."
13.3.1,Servicios recreativos y deportivos,"- Tal como se especifica en CFISFL, 03.1.0. Corresponde a (09.4.1) y (14.3.1)."
13.3.2,Servicios culturales,"- Tal como se especifica en CFISFL, 03.2.0. Corresponde a (09.4.2) y (14.3.2)."
13.4.1,Enseñanza preescolar y primaria,"- Tal como se especifica en la CFISFL, 04.1.0. Corresponde a (10.1.0) y (14.4.1)."
13.4.2,Enseñanza secundaria,"- Tal como se especifica en CFISFL, 04.2.0. Corresponde a (10.2.0) y (14.4.2)."
13.4.3,"Enseñanza postsecundaria, no terciaria","- Tal como se especifica en CFISFL, 04.3.0. Corresponde a (10.3.0) y (14.4.3)."
13.4.4,Enseñanza terciaria,"- Tal como se especifica en CFISFL, 04.4.0. Corresponde a (10.4.0) y (14.4.4)."
13.4.5,Enseñanza no atribuible a ningún nivel,"- Tal como se especifica en CFISFL, 04.5.0. Corresponde a (10.5.0) y (14.4.5)."
13.4.6,Otros servicios educativos,"- Tal como se especifica en CFISFL, 04.6.0 y 04.7.0."
13.5.0,Protección social,"- Tal como se especifica en CFISFL, 05.1.0 y 05.2.0. Corresponde a (12.4.0) y (14.5.0)."
13.6.1,Religión,"- Tal como se especifica en CFISFL, 06.0.0."
13.6.2,"Partidos políticos, organizaciones laborales y profesionales","- Tal como se especifica en CFISFL, 07.1.0, 07.2.0 y 07.3.0."
13.6.3,Protección ambiental,"- Tal como se especifica en CFISFL, 08.1.0 y 08.2.0."
13.6.4,Servicios n.e.p.,"- Tal como se especifica en CFISFL, 09.1.0 y 09.2.0."
14.1.0,Vivienda,"- Tal como se especifica en CFISFL, 10.6.0. Corresponde a (04.1.1) y (13.1.0)."
14.2.1,Productos farmacéuticos,"- Tal como se especifica en CFG, 07.1.1. Corresponde a (06.1.1) y a (13.2.1)."
14.2.2,Otros productos médicos,"- Tal como se especifica en CFG, 07.1.2. Corresponde a (06.1.2) y (13.2.2)."
14.2.3,Instrumentos y equipo terapéuticos,"- Tal como se especifica en CFG, 07.1.3. Corresponde a (06.1.3) y (13.2.3)."
14.2.4,Servicios médicos ambulatorios,"- Tal como se especifica en CFG, 07.2.1 y 07.2.2. Corresponde a (06.2.1) y (13.2.4)."
14.2.5,Servicios dentales ambulatorios,"- Tal como se especifica en CFG, 07.2.3. Corresponde a (06.2.2) y (13.2.5)."
14.2.6,Servicios paramédicos ambulatorios,"- Tal como se especifica en CFG, 07.2.4. Corresponde a (06.2.3) y (13.2.6)."
14.2.7,Servicios hospitalarios,"- Tal como se especifica en CFG, 07.3.1, 07.3.2, 07.3.3 y 07.3.4. Corresponde a (06.3.0) y (13.2.6)."
14.2.8,Servicios de salud pública,"- Tal como se especifica en CFG, 07.4.0."
14.3.1,Servicios recreativos y deportivos,"- Tal como se especifica en CFG, 08.1.0. Corresponde a (09.4.1) y (13.3.1)."
14.3.2,Servicios culturales,"- Tal como se especifica en CFG, 08.2.0. Corresponde a (09.4.2) y (13.3.2)."
14.4.1,Enseñanza preescolar y primaria,"- Tal como se especifica en CFG, 09.1.1 y 09.1.2. Corresponde a (10.1.0) y (13.4.1)."
14.4.2,Enseñanza secundaria,"- Tal como se especifica en CFG, 09.2.1 y 09.2.2. Corresponde a (10.2.0) y (13.4.2)."
14.4.3,"Enseñanza postsecundaria, no terciaria","- Tal como se especifica en CFG, 09.3.0. Corresponde a (10.3.0) y (13.4.3)."
14.4.4,Enseñanza terciaria,"- Tal como se especifica en CFG, 09.4.1 y 09.4.2. Corresponde a (10.4.0) y (13.4.4)."
14.4.5,Enseñanza no atribuible a ningún nivel,"- Tal como se especifica en CFG, 09.5.0. Corresponde a (10.5.0) y (13.4.5)."
14.4.6,Servicios subsidiarios de educación,"- Tal como se especifica en CFG, 09.6.0."
14.5.0,Protección social,"- Tal como se especifica en CFG, 10.1.1 a 10.5.0 y 10.7.0. Corresponde a (12.4.0) y (13.5.0)."
