"Code","Title","ExplanatoryNoteInclusion","ExplanatoryNoteExclusion"
"01",Alimentos y bebidas no alcohólicas,,
"01.1",Alimentos,"En esta categoría se clasifican los productos alimenticios comprados para su consumo en el hogar. Están excluidos del grupo los productos alimenticios que se venden para su consumo inmediato fuera del hogar, ya sea en hoteles, restaurantes, cafés, bares, quioscos, establecimientos ambulantes, máquinas expendedoras automáticas, etcétera (11.1.1); alimentos preparados en restaurantes para su consumo fuera del local (11.1.1); alimentos preparados por contratistas de servicios de comedor independientemente de que los recoja el cliente o de que éstos sean enviados a su hogar (11.1.1) y productos vendidos expresamente como alimentos para mascotas (09.3.4).",
"01.1.1",Pan y cereales (ND),"- Arroz de todas clases;
- Maíz, trigo, cebada, avena, centeno y otros cereales en forma de grano, harina fina o harina gruesa;
- Pan y otros productos de panadería (galletas de centeno, galletas duras, pan tostado, bizcochos, galletas de jengibre, barquillos, gofres, panecillos de levadura, bollos, medialunas, pasteles, tartas, tortas, quiches, pizzas, etcétera);
- Mezclas y pastas para la preparación de productos de panadería;
- Pasta de todas las clases, alcuzcuz;
- Preparados de cereal (copos de maíz, copos de avena, etcétera) y otros productos de cereal (malta, harina de malta, extracto de malta, fécula de patata, tapioca, sagú y otros almidones).

Incluye: productos farináceos preparados con carne, pescado, alimentos marinos, queso, verduras o con fruta.","Excluye: tartas de carne (01.1.2); tartas de pescado (01.1.3), maíz dulce (01.1.7)"
"01.1.2",Carne (ND),"- Carne fresca, refrigerada o congelada de:
- Ganado vacuno, porcino, ovino y caprino;
- Caballo, mula, burro, camello y similares;
- Aves de corral (pollo, pato, ganso, pavo, pintada);
- Liebre, conejo y animales de caza (antílope, ciervo, jabalí, faisán, urogallo, tordo, codorniz, etcétera);
- Desperdicios comestibles frescos, refrigerados o congelados;
- Carnes secas, saladas o ahumadas y desperdicios comestibles (salchichas, embutidos, salame, tocino, jamón, paté, etcétera);
- Otras carnes conservadas o procesadas y preparados de carne (carne envasada, extractos de carne, jugos de carne, tartas de carne, etcétera).

Incluye: carne y desperdicios comestibles de mamíferos marinos (focas, morsas, ballenas, etcétera) y animales exóticos (canguro, avestruz, caimán, etcétera), animales y aves de corral comprados vivos para su consumo como alimentos.","Excluye: caracoles de tierra y de mar (0.1.3), manteca y otras grasas animales comestibles (01.1.5), sopas, caldos y consomés que contengan carne (0.1.9)."
"01.1.3",Pescado (ND),"- Pescado fresco, refrigerado o congelado;
- Alimentos marinos frescos, refrigerados o congelados (crustáceos, moluscos y otros mariscos, caracoles de mar);
- Pescado y alimentos marinos secos, ahumados o salados;
- Otros pescados y alimentos marinos conservados o procesados, así como preparados de pescado o de alimentos marinos (pescado y alimentos marinos envasados, caviar y otras huevas, tartas de pescado, etcétera).

Incluye: cangrejos de tierra, caracoles de tierra y ranas; pescado y alimentos marinos comprados vivos para su consumo como alimentos.","Excluye: sopas, caldos y consomés de pescado (01.1.9)."
"01.1.4","Leche, queso y huevos (ND)","- Leche cruda, leche pasteurizada o esterilizada;
- Leche condensada, evaporada o en polvo;
- Yogur, crema, postres lácteos, bebidas lácteas y otros productos lácteos análogos;
- Queso y cuajada;
- Huevos y productos derivados preparados íntegramente con huevos;

Incluye: leche, crema y yogur con azúcar, cacao, frutas o sabores; productos lácteos que no contengan leche de vaca, como la leche de soja.",Excluye: mantequilla y productos derivados (01.1.5).
"01.1.5",Aceites y grasas (ND),"- Mantequilla y productos derivados (aceite de mantequilla, ghee, etcétera);
- Margarina (incluida la margarina dietética) y otras grasas vegetales (incluida la mantequilla de maní);
- Aceites comestibles (aceite de oliva, aceite de maíz, aceite de girasol, aceite de semilla de algodón, aceite de soja, aceite de maní, aceite de nuez, etcétera);
- Grasas animales comestibles (manteca, etcétera).",Excluye: aceite de hígado de bacalao o de mero (06.1.1).
"01.1.6",Frutas (ND),"- Frutas frescas, refrigeradas o congeladas;
- Frutas secas, cáscaras de frutas, almendras de frutas, nueces y semillas comestibles;
- Frutas en conserva y productos a base de frutas.

Incluye: melones y sandías.","Excluye: legumbres que se cultiven por su fruto, como berenjenas, pepinos y tomates (01.1.7); mermeladas, compotas, jaleas, purés y pastas de frutas (01.1.8); partes de plantas conservadas en azúcar (01.1.8), jugos y jarabes de frutas (01.2.2)."
"01.1.7",Legumbres-Hortalizas (ND),"- Productos de huerta frescos, refrigerados o congelados que se cultiven por sus hojas y tallos (espárrago, brécol, coliflor, endivia, hinojo, espinaca, etcétera), por su fruto (berenjena, pepino, calabacín, pimiento verde, calabaza, tomate, etcétera), y por su raíz (remolacha, zanahoria, cebolla, chirivía, rábano, nabo, etcétera);
- Patatas y otros tubérculos frescos o refrigerados (yuca, arrurruz, mandioca, batata, etcétera);
- Legumbres y productos a base de legumbres conservados o procesados;
- Productos de tubérculos (harinas finas y harinas gruesas, copos, purés, escamas y hojuelas) con inclusión de preparados congelados como rodajas de patatas.

Incluye: aceitunas, ajo, leguminosas, maíz dulce, hinojo marino y otras algas comestibles; setas y otros hongos comestibles.","Excluye: fécula de patata, tapioca, sagú y otros almidones (01.1.1), sopas, caldos y consomés que contengan legumbres (01.1.9), hierbas culinarias (perejil, romero, tomillo, etcétera) y especias (pimienta, pimiento, jengibre, etcétera) (01.1.9), jugos de legumbres (01.2.2)."
"01.1.8","Azúcar, mermelada, miel, chocolate y dulces de azúcar (ND)","- Azúcar de caña o remolacha sin refinar o refinada, en polvo, cristalizada o en terrones;
- Mermeladas, compotas, jaleas, purés y pastas de frutas, miel natural y artificial, jarabe de arce, melaza y partes de plantas conservadas en azúcar;
- Chocolate en barras o tabletas, goma de mascar, caramelos, toffees, grageas y otros dulces de azúcar;
- Alimentos y preparados para postres a base de cacao;
- Hielo comestible, helados y sorbetes.

Incluye: sucedáneos artificiales del azúcar.",Excluye: cacao y otros polvos a base de chocolate (01.2.1).
"01.1.9",Productos alimenticios n.e.p. (ND),"- Sal, especias (pimienta, pimiento, jengibre, etcétera), hierbas culinarias (perejil, romero, tomillo, etcétera), salsas, condimentos, aderezos (mostaza, mayonesa, salsa de tomate, salsa de soja), vinagre;
- Preparados de polvos de hornear, levadura, postres, sopas, caldos, consomés, ingredientes culinarios, etcétera;
- Alimentos para lactantes homogeneizados y preparados dietéticos independientemente de su composición.",Excluye: postres lácteos (01.1.4); leche de soja (01.1.4); sucedáneos artificiales del azúcar (01.1.8); preparados para postres a base de cacao (01.1.8).
"01.2",Bebidas no alcohólicas,"En esta categoría se clasifican las bebidas no alcohólicas compradas para su consumo en el hogar. Se excluyen del grupo las bebidas no alcohólicas que se venden para su consumo inmediato fuera del hogar, ya sea en hoteles, restaurantes, cafés, bares, quioscos, establecimientos ambulantes, máquinas expendedoras automáticas, etcétera (11.1.1).",
"01.2.1","Café, té y cacao (ND)","- Café, descafeinado o no, torrefacto o molido, incluido el café instantáneo;
- Té, mate y otros productos vegetales para infusiones;
- Cacao, edulcorado o no, y polvos a base de chocolate.

Incluye: preparados para bebidas a base de cacao, sucedáneos del café y del té, extractos y esencias de café y té.","Excluye: chocolate en barras o tabletas (01.1.8), alimentos y preparados para postres a base de cacao (01.1.8)."
"01.2.2","Aguas minerales, refrescos, jugos de frutas y de legumbres (ND)","- Aguas minerales o de manantial, cualquier agua potable que se venda envasada;
- Refrescos como bebidas carbonatadas, limonadas y colas;
- Jugos de frutas y de legumbres-hortalizas;
- Jarabes y concentrados para la preparación de bebidas.","Excluye: bebidas no alcohólicas que generalmente sean alcohólicas, como la cerveza sin alcohol (02.1)."
"01-12",Gasto de consumo individual de los hogares,,
"02","Bebidas alcohólicas, tabaco y estupefacientes",,
"02.1",Bebidas alcohólicas,"En esta categoría se clasifican las bebidas alcohólicas compradas para su consumo en el hogar. Se excluyen del grupo las bebidas alcohólicas que se venden para su consumo inmediato fuera del hogar, ya sea en hoteles, restaurantes, cafés, bares, quioscos, establecimientos ambulantes, máquinas expendedoras automáticas, etcétera (11.1.1). 

En esta categoría se clasifican también las bebidas de contenido alcohólico bajo o nulo que generalmente sean alcohólicas, como la cerveza sin alcohol.",
"02.1.1",Bebidas destiladas (ND),"- Aguardientes, licores y otros destilados.

Incluye: hidromiel, y los aperitivos que no sean a base de vino (02.1.2)",
"02.1.2",Vino (ND),"- Vino, sidra y perada, incluido el saké.
- Aperitivos a base de vino, vino fortificado, champán y otros vinos espumosos.",
"02.1.3",Cerveza (ND),"- Cerveza de todas clases, como ale, cerveza rubia (lager) y cerveza oscura fuerte (porter)

Incluye: cerveza de bajo contenido alcohólico y cerveza sin alcohol, cerveza con limonada.",
"02.2",Tabaco,"En este grupo se incluyen todas las compras de tabaco de los hogares, incluso en restaurantes, cafés, bares, estaciones de servicio, etcétera.",
"02.2.0",Tabaco (ND),"- Cigarrillos, tabaco de liar y papel de fumar;
- Cigarros, tabaco de pipa, tabaco de masticar o rapé.",Excluye: otros artículos de fumador (12.3.2).
"02.3",Estupefacientes,,
"02.3.0",Estupefacientes (ND),"- Marihuana, opio, cocaína y sus derivados;
- Otros estupefacientes de origen vegetal, como la nuez de cola, la hoja de betel y la nuez de betel;
- Otros estupefacientes, incluidas las drogas químicas y sintéticas.",
"03",Prendas de vestir y calzado,,
"03.1",Prendas de vestir,,
"03.1.1",Materiales para prendas de vestir (SD),"- Materiales para prendas de vestir hechos de fibras naturales o sintéticas, o de la mezcla de ambas.",Excluye: tejidos para accesorios del hogar (05.2.0)
"03.1.2",Prendas de vestir (SD),"- Prendas de vestir para hombres, mujeres, niños (de 3 a 13 años) y lactantes (de 0 a 2 años), tanto listas para llevar como hechas a medida, de todos los materiales (incluidos cuero, pieles, plásticos y goma), para llevar a diario, de deporte o para el trabajo;
- Capas, sobretodos, impermeables, anoraks, parcas, zamarras, chaquetas, pantalones, guerreras, ternos, trajes, vestidos, faldas, etcétera;
- Camisas, blusas, jerseys, suéteres, chaquetas de punto, pantalones cortos, trajes de baño, trajes de atletismo, chándales, sudaderas, camisetas, leotardos, etc.;
- Chalecos, calzoncillos, calcetines, medias, mallas, enaguas, corpiños, bragas, calzones, fajas, corsés, maillots, etcétera;
- Pijamas, camisas de dormir, camisones, batas, cambiadores, albornoces, etc.;
- Vestidos y botines de tela para lactantes.","Excluye: artículos de calcetería médica, como medias elásticas (06.1.2), pañales (12.1.3)."
"03.1.3",Otros artículos y accesorios de vestir (SD),"- Corbatas, pañuelos, bufandas, pañoletas, guantes, manoplas, manguitos, cinturones, tirantes, delantales, vestidos maternales, baberos, salvamangas, sombreros, gorras, boinas, capotes, etcétera.
- Hilos de coser, hilos de punto y accesorios de sastrería como hebillas, botones, broches de presión, cremalleras, cintas, encajes, ribetes, etcétera.

Incluye: guantes de jardinería y guantes de trabajo, cascos protectores para motociclistas y ciclistas.","Excluye: guantes y otros artículos de goma (05.6.1), alfileres, imperdibles, agujas de coser, agujas de punto, dedales (05.6.1), cascos protectores para deportes (09.3.2), otras prendas protectoras para deportes como chalecos salvavidas, guantes de boxeo, almohadillas, cinturones, apoyos, etcétera (09.3.2), pañuelos de papel (12.1.3), relojes, joyería, gemelos, alfileres de corbata (12.3.1), bastones, garrotas, paraguas y quitasoles, abanicos, llaveros (12.3.2)."
"03.1.4","Limpieza, reparación y alquiler de prendas de vestir (S)","- Limpieza en seco, lavandería y tinte de prendas de vestir;
- Zurcido, arreglo, reparación y modificación de prendas de vestir;
- Alquiler de prendas de vestir.

Incluye: importe total del servicio de reparación (es decir, tanto el costo de la mano de obra como el de los materiales).","Excluye: materiales, hilos, accesorios, etcétera, comprados por los hogares para llevar a cabo reparaciones por su cuenta (03.1.1) o (03.1.3), la reparación de la ropa blanca doméstica y otros textiles para el hogar (05.2.0), la limpieza en seco, la lavandería, el tinte y el alquiler de ropa blanca doméstica y otros textiles para el hogar (05.6.2)."
"03.2",Calzado,,
"03.2.1",Zapatos y otros calzados (SD),"- Calzado de todas clases para hombres, mujeres, niños (de 3 a 13 años) y lactantes (de 0 a 2 años), incluido el calzado deportivo que pueda utilizarse a diario o para actividades recreativas (calzado para correr, de carreras de fondo, de tenis, de baloncesto, náutico, etcétera).

Incluye: borceguíes, polainas y artículos análogos; cordones para zapatos; partes del calzado, como tacones, suelas, etcétera, compradas por los hogares para llevar a cabo reparaciones por su cuenta.","Excluye: botines de tela para lactantes (03.1.2); hormas, calzadores y betunes, cremas y otros artículos para la limpieza del calzado (05.6.1); calzado ortopédico (06.1.3); calzado para deportes concretos (botas de esquí, botines de fútbol, zapatos de golf y otros calzados similares equipados con cuchillas para hielo, ruedas, clavos, tacos, etcétera) (09.3.2); espinilleras, canilleras de criquet y otras prendas deportivas protectoras (09.3.2)."
"03.2.2",Reparación y alquiler de calzado (S),"- Reparación de calzado: servicios de limpieza de calzado;
- Alquiler de calzado.

Incluye: el importe total del servicio de reparación (es decir, tanto el costo de la mano de obra como el de los materiales).","Excluye: partes del calzado, como tacones, suelas, etcétera, compradas por los hogares para llevar a cabo reparaciones por su cuenta (03.2.1); betunes, cremas y otros artículos para la limpieza del calzado (05.6.1), la reparación (09.3.2) o el alquiler (09.4.1) de calzado para deportes concretos (botas de esquí, botines de fútbol, zapatos de golf y otros calzados similares equipados con cuchillas para hielo, ruedas, clavos, tacos, etcétera)."
"04","Alojamiento, agua, electricidad, gas y otros combustibles",,
"04.1",Alquileres efectivos del alojamiento,"Normalmente, los alquileres incluyen el pago por el uso de la tierra en que se encuentre la propiedad, la vivienda ocupada, los dispositivos e instalaciones de calefacción, fontanería, alumbrado, etcétera, y, en el caso de viviendas que se alquilen amuebladas, el pago por los muebles.

Los alquileres también incluyen el pago por el uso de un garaje relacionado con la vivienda, si bien éste no tiene por qué estar físicamente contiguo a ella ni haber sido alquilado al mismo propietario.

Los alquileres no incluyen el pago por el uso de garajes o estacionamientos que no estén relacionados con la vivienda (07.2.4) ni los gastos correspondientes al suministro de agua (04.4.1), recogida de basuras (04.4.2) y alcantarillado (04.4.3); gastos de copropiedad en concepto de conservación, jardinería, limpieza de escaleras, calefacción y alumbrado, conservación de ascensores y ductos para el vertimiento de basuras, etcétera, en comunidades de vecinos (04.4.4); gastos de electricidad (04.5.1) y gas (04.5.2); gastos de calefacción y agua caliente suministrados por centrales de calefacción distrital (04.5.5).",
"04.1.1",Alquileres efectivos pagados por los inquilinos (S),"- Alquileres efectivos pagados por los inquilinos o subarrendatarios que ocupan locales, amueblados o no, como residencia principal.

Incluye: los pagos de hogares que ocupen una habitación en un hotel o pensión como residencia principal.",Excluye: los servicios de alojamiento ofrecidos por instituciones docentes y albergues (11.2.0) y por casas de retiro para ancianos (12.4.0).
"04.1.2",Otros alquileres efectivos (S),- Los alquileres efectivos que se pagan por segundas residencias.,Excluye: los servicios de alojamiento ofrecidos por aldeas y centros de vacaciones (11.2.0).
"04.2",Alquileres imputados del alojamiento,Véase la nota a la categoría (04.1) supra.,
"04.2.1",Alquileres imputados de los propietarios-ocupantes (S),- Los alquileres imputados de los propietarios que ocupan su residencia principal.,
"04.2.2",Otros alquileres imputados (S),"- Alquileres imputados por segundas residencias;
- Alquileres imputados de los hogares que pagan un alquiler reducido o que se alojan gratuitamente.",
"04.3",Conservación y reparación de la vivienda,"La conservación y la reparación de la vivienda se distinguen por dos características: en primer lugar, se trata de actividades que deben realizarse periódicamente para que la vivienda se mantenga en buen estado; en segundo lugar, no alteran el funcionamiento, la capacidad ni la vida útil que se espera de la vivienda.

Hay dos tipos de conservación y reparación de la vivienda: las de menor cuantía, como la decoración de interiores y reparación de instalaciones, que suelen llevar a cabo tanto los inquilinos como los propietarios, y las de mayor cuantía, como el reenyesado de las paredes o la reparación de los tejados, que sólo llevan a cabo los propietarios.

Sólo son parte del gasto de consumo individual de los hogares los gastos de los inquilinos y los propietarios-ocupantes en concepto de materiales y servicios para la conservación y las reparaciones de menor cuantía. Los gastos de los propietarios- ocupantes en concepto de materiales y servicios para la conservación y las reparaciones de gran envergadura no forman parte del gasto de consumo individual de los hogares.

Los materiales que compren los inquilinos o los propietarios-ocupantes con objeto de llevar a cabo la conservación o la reparación por sus propios medios deben incluirse en la categoría (04.3.1). Si los inquilinos o los propietarios-ocupantes pagan a una empresa para que lleve a cabo la conservación o el mantenimiento, deberá incluirse en la categoría (04.3.2) el importe total del servicio, incluido el costo de los materiales empleados.",
"04.3.1",Materiales para la conservación y la reparación de la vivienda (ND),"- Productos y materiales, como pinturas y barnices, enlucidos, papeles pintados, recubrimientos textiles para paredes, cristal para ventanas, yeso, cemento, masilla, colas de empapelar, etcétera, que se compren para la conservación y reparación menores de la vivienda.

Incluye: pequeños artículos de fontanería (tubos, grifos, juntas, etcétera), materiales para el acabado de superficies (tablones para el piso, baldosas de cerámica, etcétera) y cepillos y raspadores para pintura, barnices o papeles pintados.","Excluye: alfombras y linóleo a medida (05.1.2), herramientas, accesorios para puertas, enchufes, tubo flexible para embutir cables, y bombillas (05.5.2); escobas, cepillos, plumeros y productos de limpieza (05.6.1); productos, materiales y elementos empleados para la conservación y las reparaciones de gran envergadura (consumo intermedio) o para la ampliación o conversión de la vivienda (formación de capital)."
"04.3.2",Servicios para la conservación y la reparación de la vivienda (S),"- Servicios de fontaneros, electricistas, carpinteros, vidrieros, pintores, decoradores, pulidores, etcétera, para la conservación y reparación menores de la vivienda.

Incluye: importe total del servicio (es decir, tanto el coste de la mano de obra como el de los materiales).","Excluye: los materiales que compren por separado los hogares para llevar a cabo por su cuenta la conservación o la reparación (04.3.1), los servicios que se contraten para la conservación y la reparación de gran envergadura (consumo intermedio) o para la ampliación o conversión de la vivienda (formación de capital)."
"04.4",Suministro de agua y servicios diversos relacionados con la vivienda,,
"04.4.1",Suministro de agua (ND),"- Suministro de agua.

Incluye: gastos relacionados como alquiler de contadores, lectura de contadores, gastos fijos, etcétera.",Excluye: agua potable vendida en botellas o envases (01.2.2); agua caliente o vapor comprado a centrales de calefacción de distrito (04.5.5).
"04.4.2",Recogida de basuras (S),- Recogida y eliminación de basuras.,
"04.4.3",Alcantarillado (S),- Alcantarillado y eliminación de residuos.,
"04.4.4",Otros servicios relacionados con la vivienda n.e.p. (S),"- Gastos de copropiedad en concepto de conservación, jardinería, limpieza de escaleras, calefacción y alumbrado, conservación de ascensores y ductos para el vertimiento de basuras, etcétera, en comunidades de vecinos;
- Servicios de seguridad;
- Retirada de nieve y limpieza de chimeneas.","Excluye: servicios a los hogares como limpieza de ventanas, desinfección, fumigación y exterminación de plagas (05.6.2); guardaespaldas (12.7.0)."
"04.5","Electricidad, gas y otros combustibles",,
"04.5.1",Electricidad (ND),"- Electricidad.

Incluye: gastos conexos, como alquiler de medidores, lectura de medidores, gastos fijos, etcétera.",
"04.5.2",Gas (ND),"- Gas natural y gas de ciudad;
- Hidrocarburos licuados (butano, propano, etcétera).

Incluye: gastos conexos, como alquiler de medidores, lectura de medidores, recipientes de almacenamiento, gastos fijos, etcétera.",
"04.5.3",Combustibles líquidos (ND),- Combustible para calefacción e iluminación domésticos.,
"04.5.4",Combustibles sólidos (ND),"- Carbón, coque, briquetas, leña, carbón de leña, turba, etcétera.",
"04.5.5",Energía calórica (ND),"- Agua caliente y vapor comprados a plantas de calefacción de distrito.

Incluye: gastos conexos, como alquiler de medidores, lectura de medidores, gastos fijos, etcétera; hielo empleado para enfriamiento y refrigeración.",
"05","Muebles, artículos para el hogar y para la conservación ordinaria del hogar",,
"05.1","Muebles y accesorios, alfombras y otros materiales para pisos",,
"05.1.1",Muebles y accesorios (D),"- Camas, sofás, sillones, mesas, sillas, aparadores, armarios y bibliotecas;
- Equipo de iluminación, como luces para cielo raso, lámparas estándar, apliques y veladores;
- Cuadros, esculturas, grabados, tapices y otros objetos artísticos, incluidas las reproducciones de obras de arte y otros ornamentos;
- Biombos, tabiques plegables y otros muebles y accesorios.

Incluye: entrega e instalación, cuando proceda; somieres, colchones, tatamis; gabinetes de baño; muebles para lactantes, como cunas, sillas altas y corralitos; persianas, muebles para campamento y jardín; espejos, candelabros y velas.",Excluye: ropa de cama y toldos (05.2.0); cajas fuertes (05.3.1); vidrios ornamentales y artículos de cerámica (05.4.0); relojes (12.3.1); termómetros y barómetros de pared (12.3.2); catres y coches de niño (12.3.2); obras de arte y muebles antiguos adquiridos principalmente por su valor (formación de capital).
"05.1.2",Alfombras y otros materiales para pisos (D),"- Alfombras sueltas, alfombras de medida, linóleo y otros materiales similares para pisos.

Incluye: colocación de los materiales.","Excluye: alfombras de baño, esteras de junco y felpudos (05.2.0); materiales para pisos antiguos adquiridos principalmente por su valor (formación de capital)."
"05.1.3","Reparación de muebles, accesorios y materiales para pisos (S)","- Reparación de muebles, accesorios y materiales para pisos.

Incluye: el valor total del servicio (o sea, se incluye tanto el costo de la mano de obra como el de los materiales); restauración de obras de arte, muebles antiguos y materiales para pisos antiguos que no sean los adquiridos principalmente por su valor (formación de capital).",Excluye: compra separada de materiales hecha por el hogar con la intención de realizar las reparaciones por cuenta propia (05.1.1) o (05.1.2); limpieza en seco de alfombras (05.6.2).
"05.2",Productos textiles para el hogar,,
"05.2.0",Productos textiles para el hogar (SD),"- Telas para muebles, material para cortinas, cortinas, cortinas dobles, toldos, cortinas para puertas y persianas de tela;
- Ropa de cama como colchonetas, almohadas, almohadones y hamacas;
- Ropa de cama como sábanas, fundas de almohada, mantas, mantas de viaje, tartanes, edredones, cubrecamas y mosquiteros;
- Ropa de mesa y de tocador, como manteles, servilletas y toallas;
- Otros productos textiles para el hogar, como sacos para compras, sacos para ropa, sacos para zapatos, cubrerropas y cubremuebles, banderas, toldos, etcétera;
- La reparación de ese tipo de artículos.

Incluye: tela comprada por pieza, hules, alfombras de baño, esteras de junco y felpudos.","Excluye: telas para paredes (04.3.1); tapices (05.1.1); materiales para pisos como alfombras y alfombras a medida (05.1.2); mantas eléctricas (05.3.2); cubiertas para automóviles, motocicletas, etcétera (07.2.1); colchones de aire y sacos de dormir (09.3.2)."
"05.3",Artefactos para el hogar,,
"05.3.1","Artefactos para el hogar grandes, eléctricos o no (D)","- Neveras, congeladores y neveras/congeladores;
- Lavarropas, secadoras, gabinetes de secado, lavaplatos, máquinas de planchado y prensado;
- Hervidores, asadores, repisas de hogares, cocinas, hornos y hornos de microondas;
- Acondicionadores de aire, humidificadores, calentadores de ambiente, calentadores de agua, ventiladores y extractores de aire con campana;
- Aspiradoras, máquinas de limpieza al vapor, máquinas de lavado de alfombras y máquinas de lijado y rasqueteado, encerado y lustrado de pisos;
- Otros artefactos para el hogar grandes, como cajas fuertes, máquinas de coser, máquinas de tejer, máquinas para quitar dureza al agua.

Incluye: entrega e instalación de los artefactos, cuando proceda.",Excluye: los artefactos incorporados a la estructura del edificio (formación de capital).
"05.3.2",Artefactos eléctricos para el hogar pequeños (SD),"- Molinillos de café, cafeteras, extractores de jugo, abrelatas, procesadoras de alimentos, freidoras, asadoras de carne, cuchillos, tostadoras, máquinas de hacer helados, sorbetes y yogur, hornillos, planchas, teteras, ventiladores, mantas eléctricas, etcétera.",Excluye: artículos para el hogar pequeños que no sean eléctricos y utensilios de cocina (05.4.0); balanzas hogareñas (05.4.0); balanzas personales y balanzas para lactantes (12.1.3).
"05.3.3",Reparación de artefactos para el hogar (S),"- Reparación de artefactos para el hogar.

Incluye: el valor total del servicio (es decir, se incluye tanto el costo de la mano de obra como de los materiales); cargos por alquiler de artefactos grandes para el hogar.",Excluye: la compra separada de materiales hecha por los hogares con la intención de realizar las reparaciones por cuenta propia (05.3.1) o (05.3.2).
"05.4","Artículos de vidrio y cristal, vajilla y utensilios para el hogar",,
"05.4.0","Artículos de vidrio y cristal, vajilla y utensilios para el hogar (SD)","- Artículos de vidrio, cristal, cerámica y porcelana utilizados para la mesa, la cocina, el baño, el tocador, la oficina y la decoración de interiores;
- Cuchillos, cubiertos y platería;
- Utensilios de cocina que no sean eléctricos y artefactos como cacerolas, ollas, ollas a presión, sartenes, molinillos de café, pasapurés, picadoras, hornillos, balanzas para el hogar y otros aparatos mecánicos similares;
- Artículos para el hogar, que no sean eléctricos, y cualquier tipo de material, como recipientes para pan, café, especies, etcétera, cubos de basura, cestos para papeles, cestos para ropa, cajas de seguridad portátiles y cajas con cerradura, toalleros, bodeguitas, planchas y tablas de planchar, buzones, biberones, termos y heladeras portátiles;
- La reparación de ese tipo de artículos.",Excluye: equipo de iluminación (05.1.1); artefactos eléctricos para el hogar (05.3.1) o (05.3.2); vajilla de cartón descartable (05.6.1); balanzas personales y para lactantes (12.1.3); ceniceros (12.3.2)
"05.5",Herramientas y equipo para el hogar y el jardín,,
"05.5.1",Herramientas y equipo grandes (D),"- Herramientas y equipo motorizados, como taladros, sierras, pulidoras y cortadoras eléctricos, tractores para jardín, cortadoras de césped, cultivadores, sierras de cadena y bombas de agua;
- La reparación de ese tipo de artículos.

Incluye: los cargos por el alquiler de maquinaria y equipo para aficionados.",
"05.5.2",Herramientas pequeñas y accesorios diversos (SD),"- Herramientas de mano como sierras, martillos, destornilladores, llaves de tuercas, pinzas, cepilladoras, escofinas y limas;
- Herramientas de jardín como carretillas, regaderas, mangueras, azadas, palas, rastrillos, tridentes, guadañas, hoces y secadores;
- Escaleras;
- Accesorios para puertas (bisagras, manijas y cerraduras), accesorios para radiadores y hogares, otros artículos de metal para el hogar (rieles para cortinas, varillas para alfombras, ganchos, etcétera) o para el jardín (cadenas, cuadrículas, estacas y segmentos de arco para verjas y bordes);
- Accesorios eléctricos pequeños, como enchufes e interruptores eléctricos, cables, bombillas eléctricas, tubos fluorescentes, soldadores y sopletes, linternas, lámparas de mano, baterías eléctricas para uso general, timbres y alarmas;
- La reparación de ese tipo de artículos.",
"05.6",Bienes y servicios para conservación ordinaria del hogar,,
"05.6.1",Bienes para el hogar no duraderos (ND),"- Productos de limpieza y conservación, como jabones, polvos de lavar, jabones en polvo, jabones líquidos, polvos de limpieza, detergentes, lejías desinfectantes, suavizantes, acondicionadores, productos para la limpieza de ventanas, ceras, lustradores, anilinas, destapadores, desinfectantes, insecticidas, fungicidas y agua destilada;
- Artículos de limpieza como escobas, estregaderas, cogedores para la basura y cepillos de limpieza, plumeros, paños de cocina, trapos de piso, esponjas para el hogar, polvos de limpieza, lanas de acero y gamuzas;
- Productos de papel, como filtros, manteles y servilletas; toallas de papel, bolsas para aspiradoras y vajilla descartable de cartón, incluidos el papel de aluminio y revestimientos plásticos para recipientes;
- Otros artículos para el hogar no duraderos, como fósforos, mechas para lámparas, alcoholes desnaturalizados, colgadores, perchas, alfileres, imperdibles, agujas de coser, agujas de tejer, dedales, clavos, tornillos, tuercas y pernos, tachuelas, arandelas, adhesivos y cintas adhesivas de uso doméstico, cuerdas, cordeles y guantes de goma.

Incluye: pomadas, cremas y otros artículos para la limpieza de calzado; extintores de incendios para los hogares.","Excluye: cepillos y raspadores para pinturas, barnices y papeles pintados (04.3.1); extintores de incendios para equipo de transporte (07.2.1); productos empleados concretamente para la limpieza y la conservación de equipo de transporte, como pintura, limpiadores de cromo, selladores y ceras para carrocería (07.2.1); productos de horticultura para el mantenimiento de jardines ornamentales (09.3.3); pañuelos de papel, papel higiénico, jabón de tocador, esponjas de baño y otros productos de higiene personal (12.1.3); encendedores para cigarrillos, para cigarros y para pipas y combustibles para encendedores (12.3.2)."
"05.6.2",Servicios domésticos y para el hogar (S),"- Servicios domésticos a cargo de personal pagado, empleado en servicio privado, como mayordomos, cocineros, mucamas, conductores, jardineros, institutrices, secretarios, tutores y niñeras;
- Servicios similares, incluidos los servicios de niñeras y mucamas a cargo de empresas o de empleados independientes;
- Servicios para el hogar, como limpieza de ventanas, desinfección, fumigación y exterminación de insectos y alimañas;
- Limpieza en seco, lavado y teñido de ropa, tejidos y alfombras hogareños;
- Alquiler de mobiliario, accesorios, alfombras, equipo para el hogar y ropa para el hogar.","Excluye: limpieza en seco, lavado y teñido de ropa (03.1.4); recolección de desechos (04.4.2); recolección de aguas servidas (04.4.3); cargos a los copropietarios por atención, jardinería, limpieza de escaleras, calefacción e iluminación, conservación de ascensores y de conductos de recolección de desechos, etcétera, en edificios de múltiples ocupantes (04.4.4); servicios de seguridad (04.4.4); remoción de nieve y limpieza de chimeneas (04.4.4); servicios de remoción y almacenamiento (07.3.6); servicios de amas de leche, guardería, centros de atención diurna y otras instalaciones para la atención de niños (12.4.0); guardaespaldas (12.7.0)."
"06",Salud,Esta división incluye también los servicios de salud adquiridos a centros sanitarios escolares o universitarios.,
"06.1","Productos, artefactos y equipo médicos","Este grupo incluye medicamentos, prótesis, artefactos y equipo médicos y otros productos relacionados con la salud adquiridos por personas u hogares, con o sin receta, usualmente de químicos, farmacéuticos o proveedores de equipo médico. Se consumen o usan fuera de una instalación o institución sanitaria. Los productos entregados directamente a los pacientes por profesionales médicos, dentales o paramédicos a los pacientes externos o a los pacientes internos por los hospitales y otros similares se incluyen en los servicios a pacientes externos (06.2) o servicios de hospital (06.3).",
"06.1.1",Productos farmacéuticos (ND),"- Preparaciones médicas, medicamentos, medicamentos patentados, sueros y vacunas, vitaminas y minerales, aceite de hígado de bacalao y aceite de hígado de mero, anticonceptivos orales.","Excluye: productos veterinarios (09.3.4); artículos de higiene personal, como jabones medicinales (12.1.3)."
"06.1.2",Otros productos médicos (ND),"- Termómetros clínicos, vendas adhesivas y no adhesivas, agujas hipodérmicas, botiquines de primeros auxilios, botellas de agua caliente y bolsas de hielo, productos para traumatología como medias elásticas y soportes para rodilla, pruebas de embarazo, preservativos y otros dispositivos anticonceptivos mecánicos.",
"06.1.3",Artefactos y equipo terapéuticos (D),"- Anteojos de corrección y lentes de contacto, audífonos, ojos de vidrio, miembros artificiales y otros artefactos prostéticos, soportes ortopédicos, calzado ortopédico, cinturones quirúrgicos, bragueros y soportes, soportes de cuello, equipo de masaje médico y lámparas sanitarias, sillas de rueda motorizadas o no y vehículos para discapacitados, camas ""especiales"", muletas, artefactos electrónicos y de otro tipo para la medición de la presión sanguínea, etcétera;
- Reparación de ese tipo de artículos.

Incluye: dentaduras postizas, pero no el costo de su instalación.","Excluye: alquiler de equipo terapéutico (06.2.3); anteojos de protección, cinturones y soportes deportivos (09.3.2); anteojos para sol que no tengan lentes de corrección (12.3.2)."
"06.2",Servicios para pacientes externos,"Este grupo incluye servicios médicos, dentales y paramédicos provistos a pacientes externos por profesionales y auxiliares médicos, dentales y paramédicos. Los servicios se pueden prestar en el hogar, en instalaciones de consulta individuales o en grupo, en dispensarios o en las clínicas para pacientes externos de hospitales y casos similares.

Los servicios para pacientes externos incluyen los medicamentos, prótesis, aparatos y equipo médicos y otros productos relacionados con la salud suministrados directamente a los pacientes externos por los profesionales y auxiliares médicos, dentales y paramédicos.

Los servicios médicos, dentales, y paramédicos prestados a pacientes internos por los hospitales y otros servicios similares se incluyen en los servicios de hospital (06.3).",
"06.2.1",Servicios médicos (S),"- Consultas a médicos en general o a especialistas.

Incluye: servicios de especialistas en ortodoncia.",Excluye: servicios de laboratorios de análisis médicos y centros radiográficos (06.2.3); servicios de especialistas en medicina tradicional (06.2.3).
"06.2.2",Servicios dentales (S),"- Servicios de dentistas, higienistas y otros auxiliares.

Incluye: costo de la aplicación de las dentaduras postizas.",Excluye: dentaduras postizas (06.1.3); servicios de especialistas en ortodoncia (06.2.1); servicios de laboratorios de análisis médicos y centros radiográficos (06.2.3).
"06.2.3",Servicios paramédicos (S),"- Servicios de laboratorios de análisis médicos y centros radiográficos;
- Servicios de enfermeras y obstetras independientes;
- Servicios de acupunturistas, traumatólogos, optometristas, fisioterapistas, fonoaudiólogos independientes, etcétera;
- Terapia de gimnasia correctiva recetada por médicos;
- Baños termales o tratamientos con agua de mar para pacientes externos;
- Servicios de ambulancia;
- Alquiler de equipo terapéutico.

Incluye: servicios de especialistas en medicina tradicional.",
"06.3",Servicios de hospital,"Se define a la hospitalización como el alojamiento de un paciente en un hospital durante la duración del tratamiento. Se incluye al tratamiento en hospitales de atención diurna y el tratamiento hospitalario basado en el hogar, al igual que en hospicios para personas con enfermedades terminales.

Este grupo incluye los servicios de hospitales de servicios generales y de especialistas, los servicios de centros médicos, centros de maternidad, hospicios para ancianos y hogares para convalecencia que prestan esencialmente atención a pacientes internos, los servicios de instituciones que prestan servicios a ancianos y en los que la supervisión médica sea un componente esencial y los servicios de centros de rehabilitación que presten atención y terapia de rehabilitación a pacientes internos y cuyo objetivo sea tratar al paciente más que prestar apoyo a largo plazo.

Se define a los hospitales como instituciones que ofrecen atención a pacientes internos bajo la supervisión directa de médicos calificados. Los centros médicos, centros de maternidad, hospicios para ancianos y hogares para convalecientes también prestan atención a pacientes internos, pero sus servicios son supervisados o ejecutados por personal con calificación menor que los médicos.

Este grupo no incluye los servicios de instalaciones como consultorios, clínicas y dispensarios dedicados exclusivamente a la atención de pacientes externos (06.2). Tampoco incluye los servicios de hogares de retiro para ancianos, instituciones para discapacitados y centros de rehabilitación que presten esencialmente apoyo a largo plazo (12.4).",
"06.3.0",Servicios de hospital (S),"Los servicios de hospital incluyen la prestación de los servicios siguientes a los pacientes internos:
- Servicios básicos: administración, alojamiento, comida y bebida, supervisión y atención por personal no especializado (auxiliares de enfermería), primeros auxilios y vuelta en sí, transporte en ambulancias, suministros de medicamentos y otros productos farmacéuticos; suministro de artefactos y equipo terapéuticos;
- Servicios médicos: servicios de médicos generales o de especialistas, cirujanos y dentistas; análisis médicos y radiografías; servicios paramédicos, como los de enfermeros, obstetras, traumatólogos, optometristas, fisioterapeutas, fonoaudiólogos, etcétera.",
"07",Transporte,,
"07.1",Adquisición de vehículos,"La compra de vehículos para recreación, como casas rodantes, acoplados, aeroplanos y botes se incluye en (09.2.1).",
"07.1.1",Vehículos a motor (D),"- Vehículos a motor, vehículos para pasajeros, camionetas y otros vehículos similares, con tracción en dos o cuatro ruedas.",Excluye: vehículos para discapacitados (06.1.3); casas rodantes (09.2.1); carros para golf (09.2.1).
"07.1.2",Motocicletas (D),"- Motocicletas de todo tipo, motonetas y bicicletas con motor.

Incluye: el cochecito lateral para motocicletas; vehículos para nieve.",Excluye: vehículos para discapacitados (06.1.3); carros para golf (09.2.1).
"07.1.3",Bicicletas (D),"- Bicicletas y triciclos de todo tipo.

Incluye: carruajes de tracción humana (""rickshaws"").",Excluye: bicicletas y triciclos de juguete (09.3.1).
"07.1.4",Vehículos de tracción animal (D),"- Vehículos de tracción animal.

Incluye: los animales necesarios para tirar de los vehículos y el equipo conexo (yugos, collares, arneses, frenos, riendas, etcétera).",Excluye: caballos y ponis; vehículos para caballos o ponis y equipo conexo adquirido con fines de recreación (09.2.1).
"07.2",Funcionamiento de equipo de transporte personal,"La adquisición de piezas de repuesto, accesorios o lubricantes hechos por los hogares con la intención de realizar la conservación, reparación o intervención por cuenta propia figura en los rubros (07.2.1) o (07.2.2). En caso de que los hogares paguen a una empresa para que se haga cargo de la conservación, la reparación o arreglo, el valor total del servicio, incluido el costo de los materiales empleados, debería incluirse en el rubro (07.2.3).",
"07.2.1",Piezas de repuesto y accesorios para equipo de transporte personal (SD),"Neumáticos (nuevos, usados o recauchutados), cámaras para neumáticos, bujías, baterías, amortiguadores, filtros, bombas y otras piezas de repuesto o accesorios para equipo de transporte personal.

Incluye: extintores de incendios para equipo de transporte; productos empleados concretamente para la limpieza y la conservación de equipo de transporte, como pintura, limpiadores de cromo, selladores y ceras para carrocería; cubiertas para automotores, motocicletas, etcétera.","Excluye: cascos para motociclistas y ciclistas (03.1.3); productos que no sean exclusivos para limpieza y conservación, como agua destilada, esponjas para hogares, gamuzas, detergentes, etcétera (05.6.1); cargos por la instalación de piezas de repuesto y accesorios y de pintura, lavado y encerado de la carrocería (07.2.3); radioteléfonos (08.2.0); radios para automóviles (09.1.1); y asientos para niños (12.3.2)."
"07.2.2",Combustibles y lubricantes para equipo de transporte personal (ND),"- Gasolina y otros combustibles, como combustible diésel, gas licuado, alcohol y mezclas para motores de dos tiempos;
- Lubricantes, fluidos para frenos y transmisión, líquidos refrigerantes y aditivos.

Incluye: combustible para las herramientas y equipo grandes incluidos en el rubro (05.5.1) y para los vehículos de recreación incluidos en el rubro (09.2.1).",Excluye: cargos por cambios de aceite y engrasado (07.2.3).
"07.2.3",Conservación y reparación de equipo de transporte personal (S),"- Servicios adquiridos para la conservación y reparación de equipo de transporte personal, como instalación de partes y accesorios, balanceo de ruedas, inspección técnica, servicios en casos de rotura, cambios de aceite, engrasado y lavado.

Incluye: el valor total del servicio (o sea, se incluye tanto el costo de la mano de obra como el de los materiales).","Excluye: compra separada de piezas de repuesto, accesorios o lubricantes hecha por los hogares con la intención de realizar la reparación por cuenta propia (07.2.1) (07.2.2); ensayos para determinar la condición del vehículo (07.2.4)."
"07.2.4",Otros servicios relativos al equipo de transporte personal (S),"- Alquiler de garajes o espacios de estacionamiento que no se refieran al estacionamiento prestado por el edificio;
- Instalaciones de peaje (puentes, túneles, transbordadores, autopistas) y parquímetros;
- Lecciones de conducir, ensayos de conducción y licencias para conducir;
- Ensayos para determinar la condición del vehículo;
- Alquiler de equipo de transporte personal, sin conductor.",Excluye: alquiler de un automóvil con conductor (07.3.2); cargos de servicio por el seguro en relación con el equipo de transporte personal (12.5.4).
"07.3",Servicios de transporte,"En general, la compra de servicios de transporte se clasifica según el modo de transporte. Cuando un billete incluye dos o más medios de transporte, por ejemplo bus intraurbano y subterráneo o tren interurbano y transbordador, y el gasto no se puede distribuir entre ambos, la compra se debe clasificar en el rubro (07.3.5).

El costo de las comidas, meriendas, bebidas, refrescos o servicios de alojamiento se debe incluir si está comprendido en la tarifa y no se cobran por separado. En ese último caso, esos gastos se deben clasificar en la División 11.

Se incluyen los servicios de transporte escolar, pero se excluyen los servicios de ambulancia (06.2.3).",
"07.3.1",Transporte de pasajeros por ferrocarril (S),"- Transporte de personas o grupos de personas y equipaje por tren, tranvía y subterráneo.

Incluye: transporte de vehículos privados.",Excluye: transporte por funicular (07.3.6).
"07.3.2",Transporte de pasajeros por carretera (S),"- Transporte de personas o grupos de personas y equipaje por ómnibus, colectivo, taxi o vehículo alquilado con chófer.",
"07.3.3",Transporte de pasajeros por aire (S),- Transporte de personas o grupos de personas y equipaje por aeroplano y helicóptero.,
"07.3.4",Transporte de pasajeros por mar y cursos de agua interiores (S),"- Transporte de personas o grupos de personas y equipaje por buque, navío, transbordador, vehículo de colchón de aire y aerodeslizador.

Incluye: transporte de vehículos privados.",
"07.3.5",Transporte combinado de pasajeros (S),"- Transporte de personas y grupos de personas y equipaje por dos o más modos de transporte, cuando el gasto no se puede distribuir entre ellos.

Incluye: transporte de vehículos privados.",Excluye: paquetes turísticos (09.6.0).
"07.3.6",Otros servicios de transporte adquiridos (S),"- Transporte por funicular, cablecarril y aerosilla;
- Servicios de remoción y almacenamiento;
- Servicios de portería, de depósito de equipaje y oficinas dedicadas al transporte de equipaje;
- Comisiones de los agentes de viaje, si se cobran por separado.",Excluye: transporte en funicular y aerosilla en centros de esquí y vacaciones (09.4.1).
"08",Comunicaciones,,
"08.1",Servicios postales,,
"08.1.0",Servicios postales (S),"- Pago para el envío de cartas, postales y paquetes;
- Correo privado y envío de paquetes.

Incluye: todas las compras de nuevos sellos postales, tarjetas postales con el franqueo pagado y aerogramas.",Excluye: compra de sellos postales usados o cancelados (09.3.1); servicios financieros en las oficinas de correo (12.6.2).
"08.2",Equipo telefónico y de facsímile,,
"08.2.0",Equipo telefónico y de facsímile (D),"- Compra de teléfonos, radioteléfonos, máquinas de facsímile, contestadores automáticos y altoparlantes para teléfonos;
- La reparación de ese tipo de equipo.",Excluye: servicios de facsímile y de contestadores telefónicos prestados por computadoras personales (09.1.3).
"08.3",Servicios telefónicos y de facsímile,,
"08.3.0",Servicios telefónicos y de facsímile (S),"- Gastos de instalación y subscripción del equipo telefónico personal;
- Llamadas telefónicas de una línea privada o de una línea pública (teléfono público, cabina en oficinas de correos, etcétera); llamadas telefónicas desde hoteles, cafés, restaurantes y lugares similares;
- Servicios de telegrafía, télex y facsímile;
- Servicios de transmisión de información; servicios de conexión a la Internet;
- Alquiler de teléfonos, máquinas de facsímile, contestadores telefónicos y altoparlantes para teléfonos.

Incluye: servicios de radiotelefonía, radiotelegrafía y radiotélex.",
"09",Recreación y cultura,,
"09.1","Equipo audiovisual, fotográfico y de procesamiento de información",,
"09.1.1","Equipo para la recepción, grabación y reproducción de sonidos e imágenes (D)","- Aparatos de televisión, reproductoras y grabadores en cinta de vídeo, antenas de televisión de todo tipo;
- Aparatos de radio, radios para automóviles, radiorrelojes, transmisores/receptores de radio, receptores y transmisores para radioaficionados;
- Tocadiscos, reproductoras y grabadoras de cinta, reproductoras y grabadoras de casetes, aparatos de CD, aparatos estereofónicos personales, sistemas estereofónicos y sus componentes (bandejas giradiscos, sintonizadores, amplificadores, altoparlantes, etcétera), micrófonos y audífonos.","Excluye: videocámaras, cámaras grabadoras y cámaras grabadoras de sonido (09.1.2)."
"09.1.2",Equipo fotográfico y cinematográfico e instrumentos ópticos (D),"- Cámaras fotográficas, cámaras cinematográficas y cámaras grabadoras de sonido, videocámaras y cámaras grabadoras, proyectores de películas y diapositivas, ampliadoras y equipo de procesamiento fotográfico, accesorios (pantallas, visores, lentes, lámparas de destello, filtros, fotómetros, etcétera);
- Binoculares, microscopios, telescopios y brújulas.",
"09.1.3",Equipo de procesamiento e información (D),"- Computadoras personales y monitores, pantallas, impresoras, programas y accesorios diversos que las acompañan; paquetes de programas para computadoras, como sistemas operativos, aplicaciones, lenguajes, etcétera;
- Calculadoras, incluidas las calculadoras de bolsillo;
- Máquinas de escribir y procesadores de texto.

Incluye: servicios de facsímile y contestadores telefónicos suministrados por computadoras personales.","Excluye: disquetes pregrabados y CD-ROM que contengan libros, diccionarios, enciclopedias, cursos de idiomas, presentaciones multimedia, etcétera, en forma de programas de computadora (09.1.4); programas de videojuegos (09.3.1); computadoras para videojuegos que se enchufan a los aparatos de televisión (09.3.1); cintas para máquinas de escribir (09.5.4); cartuchos de tóner y de tinta (09.5.4); reglas de cálculo (09.5.4)."
"09.1.4",Medios para grabación (SD),"- Discos y discos compactos;
- Cintas pregrabadas, casetes, casetes de vídeo, disquetes y CD-ROM para grabadoras de cinta, grabadoras de casete, grabadoras de vídeo y computadoras personales;
- Cintas, casetes, casetes de vídeo, disquetes y CD-ROM vírgenes para grabadoras de cinta, grabadoras de casete, grabadoras de vídeo y computadoras personales;
- Películas, cartuchos y discos vírgenes para uso fotográfico y cinematográfico.

Incluye: cintas pregrabadas y discos compactos de novelas, obras de teatro, poesía, etcétera; disquetes pregrabados y CD-ROM que contengan libros, diccionarios, enciclopedias, cursos de idiomas, presentaciones multimedia, etcétera, en forma de programas de computadora; artículos para fotografía, como papel y lámparas de destello; película virgen en cuyo precio se incluye el costo del revelado sin identificarlo por separado.","Excluye: baterías (05.5.2); programas de computadora, como sistemas operativos, aplicaciones, lenguajes, etcétera (09.1.3); programas de videojuegos, casetes y CD-ROM para videojuegos (09.3.1); revelado de película e impresión de fotografías (09.4.2)."
"09.1.5","Reparación de equipo audiovisual, fotográfico y de procesamiento de información (S)","- Reparación de equipo audiovisual, fotográfico y de procesamiento de información.

Incluye: el valor total del servicio (o sea, se incluye tanto el costo de la mano de obra como el de los materiales).","Excluye: la compra por separado de materiales por los hogares con la intención de realizar la reparación por cuenta propia (09.1.1), (09.1.2) o (09.1.3)."
"09.2",Otros productos duraderos importantes para recreación y cultura,,
"09.2.1",Artefactos duraderos importantes para recreación en exteriores (D),"- Casas rodantes y remolques;
- Aeroplanos, aeronaves ligeras, planeadores, alas delta y globos de aire caliente;
- Botes, motores de fuera de borda, velas, aparejos y superestructura;
- Caballos y ponis, vehículos a tracción de caballos o ponis y equipo conexo (arneses, frenos, riendas, monturas, etcétera);
- Artículos importantes para juegos y deportes, como canoas, kayaks, tablas de surf a vela, equipo de buceo y carros de golf.

Incluye: preparación de botes, casas rodantes, etcétera.","Excluye: caballos y ponis, vehículos a tracción de caballos o ponis y equipo conexo comprado para transporte personal (07.1.4); botes, balsas y piscinas inflables para niños y para la playa (09.3.2)."
"09.2.2",Instrumentos musicales y equipos duraderos importantes para recreación en interiores (D),"- Instrumentos musicales de todos los tamaños, incluidos los instrumentos musicales electrónicos, como pianos, órganos, violines, guitarras, baterías, trompetas, clarinetes, flautas, flautas dulces, armónicas, etcétera;
- Mesas de billar, mesas para tenis de mesa, máquinas de ""pin-ball"", máquinas para juegos, etcétera.",Excluye: juguetes (09.3.1)
"09.2.3",Conservación y reparación de otros bienes duraderos importantes para recreación y cultura (S),"- Conservación y reparación de otros artefactos duraderos importantes para recreación y cultura.

Incluye: el valor total del servicio (es decir, se incluye tanto el costo de la mano de obra como el de los materiales); preparación para el invierno de botes, casas rodantes, etcétera; servicios de hangar para aviones privados; servicios de muelle para botes; servicios veterinarios y de otro tipo (estabulación, herrería, alimentación, etcétera) para caballos y ponis comprados para entretenimiento.",Excluye: combustible para vehículos de recreación (07.2.2); compra por separado de materiales hecha por los hogares con la intención de realizar la conservación o las reparaciones por cuenta propia (09.2.1) (09.2.2); servicios de veterinaria y de otro tipo para animales domésticos (09.3.5).
"09.3","Otros artículos y equipo para recreación, jardines y animales domésticos",,
"09.3.1","Juegos, juguetes y aficiones (SD)","- Juegos de naipes, juegos de salón, juegos de ajedrez y otros similares;
- Juguetes de todo tipo, con inclusión de muñecas, juguetes blandos, autos y trenes de juguete, bicicletas y triciclos de juguete, equipos de construcción de juguete, rompecabezas, plastilina, juegos electrónicos, máscaras, disfraces, bromas, novedades, fuegos artificiales y cohetes, guirnaldas y decoraciones para árboles de Navidad;
- Artículos para la colección de estampillas (sellos postales usados o cancelados, álbumes para estampillas, etcétera), otros artículos de colección (monedas, medallas, minerales, especímenes zoológicos y botánicos, etcétera) y otras herramientas y artículos necesarios para las aficiones.

Incluye: programas para videojuegos; computadoras de videojuegos que se enchufan en el aparato de televisión; casetes y CD-ROM de videojuegos.",Excluye: artículos de coleccionistas que se incluyen en las categorías de obras de arte o antigüedades (05.1.1); sellos postales sin usar (08.1.0); árboles de Navidad (09.3.3); álbumes de recortes para niños (09.5.1).
"09.3.2","Equipo de deportes, campamentos y recreación al aire libre (SD)","- Equipo de gimnasia, educación física y deportes, como pelotas, rehiletes, redes, raquetas, bates, esquís, palos de golf, floretes, sables, pértigas, pesas, discos, jabalinas, pesas de mano, ampliadores pectorales y otros equipos para el desarrollo de la musculatura;
- Paracaídas y otro equipo de paracaidismo;
- Armas de fuego y municiones para caza, deporte y protección personal;
- Cañas de pescar y otro equipo de pesca;
- Equipo para juegos de playa y al aire libre, como bolos, croquet, ""frisbee"", voleibol, botes, balsas y piscinas inflables;
- Equipo de campamento, como tiendas y accesorios, sacos de dormir, mochilas, colchones de aire e infladores, cocinas y parrillas de campamento;
- La reparación de ese tipo de artículos.

Incluye: calzado para deportes (botas de esquí, botines de fútbol, zapatos de golf y otro tipo de calzado con cuchillas de patinaje, ruedas, clavos, etcétera); equipo de protección para deportes; otro equipo de protección para deportes como chalecos salvavidas, guantes de boxeo, acolchado para el cuerpo, canilleras, anteojeras, cinturones, soportes, etcétera.",Excluye: cascos para motociclistas y ciclistas (03.1.3); muebles de campamento y jardín (05.1.1).
"09.3.3","Jardines, plantas y flores (ND)","- Flores y hojas naturales o artificiales, plantas, arbustos, bulbos, tubérculos, semillas, fertilizantes, abonos, turba de jardín, césped para patios, suelos tratados especialmente para jardines ornamentales, preparaciones hortícolas, macetas y portamacetas.

Incluye: árboles de Navidad naturales y artificiales; cargos por entrega de flores y plantas.",Excluye: guantes de jardinería (03.1.3); servicios de jardinería (04.4.4) o (05.6.2); equipo de jardinería (05.5.1); herramientas de jardinería (05.5.2); insecticidas y plaguicidas para uso de los hogares (05.6.1).
"09.3.4",Animales domésticos y productos conexos (ND),"- Animales domésticos, alimentos para animales domésticos, productos de veterinaria y cuidado de animales domésticos, collares, traíllas, perreras, jaulas, acuarios, materiales absorbentes para la higiene de gatos, etcétera.",Excluye: caballos y ponis (07.1.4) o (09.2.1); servicios de veterinaria (09.3.5).
"09.3.5",Servicios de veterinaria y de otro tipo para animales domésticos (S),"- Servicios de veterinaria y de otro tipo para animales domésticos, como acicalamiento, alojamiento, tatuaje y entrenamiento.","Excluye: servicios veterinarios y de otro tipo (estabulación, herrería, etcétera) para caballos y ponis comprados con fines recreativos (09.2.3)."
"09.4",Servicios de recreación y culturales,,
"09.4.1",Servicios de recreación y deportivos (S),"- Servicios prestados por:
* Estadios deportivos, hipódromos, autódromos, velódromos, etcétera;
* Pistas de patinaje, piscinas, canchas de golf, gimnasios, centros de preparación física, canchas de tenis, canchas de ""squash"" y canchas de bolos;
* Ferias y parques de diversiones;
* Tiovivos, columpios de tabla y otros juegos de plaza para niños;
* Máquinas de ""pin-ball"" y otros juegos para adultos que no sean de azar;
* Pistas de esquí, aerosillas y otras instalaciones similares;
- Alquiler de equipo y accesorios para deporte y recreación, como aeroplanos, botes, caballos, equipo de esquí y campamento;
- Lecciones individuales o en grupo, fuera de instituciones, de bridge, ajedrez, gimnasia, baile, música, patinaje, esquí, natación y otros pasatiempos;
- Servicios de guías de montaña, guías de viaje, etcétera;
- Servicios de asistencia a la navegación para botes.

Incluye: alquiler de calzado para deportes concretos (botas de esquí, botines de fútbol, zapatos de golf y calzado de ese tipo con cuchillas de patinaje, ruedas, clavos, etcétera).",Excluye: transporte en cablecarril o aerosillas fuera de centros de esquí o de turismo (07.3.6).
"09.4.2",Servicios culturales (S),"- Servicios prestados por:
* Cines, teatros, teatros de ópera, salas de concierto, teatros de variedades, circos, espectáculos de luz y sonido;
* Museos, bibliotecas, galerías de arte, exposiciones;
* Monumentos históricos, parques nacionales, jardines zoológicos y botánicos, acuarios;
- Alquiler de equipo y accesorios para cultura, aparatos de televisión, reproductoras de vídeo, etcétera;
- Transmisiones de televisión y radio, en particular las tarifas de licencia para equipo de televisión y suscripción a redes de televisión;
- Servicios de fotógrafos, revelado de películas, procesamiento de impresiones, ampliación, fotografía de retratos, de bodas, etcétera.

Incluye: servicios de músicos, payasos y actores para entretenimiento privado.",
"09.4.3",Juegos de azar (S),"- Cargos de servicio para loterías, apostadores, totalizadores, casinos y otros establecimientos de juego, máquinas de juego, salones de bingo, tarjetas de raspado, sorteos, etcétera (el cargo de servicio se define como la diferencia entre la suma pagada por los billetes de lotería o apostada y la suma pagada a los ganadores).",
"09.5","Periódicos, libros y papeles y útiles de oficina",,
"09.5.1",Libros (SD),"- Libros, incluidos atlas, diccionarios, enciclopedias, libros de texto, guías y partituras musicales.

Incluye: álbumes y álbumes de recortes para niños; encuadernado.","Excluye: cintas pregrabadas y discos compactos de novelas, obras de teatro, poesía, etcétera (90.1.4); disquetes pregrabados y CD-ROM que contengan libros, diccionarios, enciclopedias, cursos de idiomas, etcétera, en forma de programas de computadora (09.1.4); álbumes de estampillas (09.3.1)."
"09.5.2",Diarios y periódicos (ND),"- Diarios, revistas y otros periódicos.",
"09.5.3",Material impreso diverso (ND),"- Catálogos y material de publicidad;
- Carteles, tarjetas postales lisas o con imágenes, calendarios;
- Tarjetas de felicitación o de visita, anuncios y tarjetas con mensajes;
- Mapas y globos terráqueos.",Excluye: tarjetas postales con franqueo pagado y aerogramas (08.1.0); álbumes de estampillas (09.3.1).
"09.5.4",Papel y útiles de oficina y materiales de dibujo (ND),"- Anotadores, sobres, libros de contabilidad, cuadernos, diarios, etcétera;
- Lapiceros, lápices, lapiceras fuente o plumas estilográficas, bolígrafos, marcadores, tintas, gomas de borrar, sacapuntas, etcétera;
- Esténciles y modelos calados para estarcir, papel carbón, cintas para máquina de escribir, almohadillas entintadas, líquidos correctores, etcétera;
- Perforadoras de papel, cortadoras de papel, tijeras para papel, gomas y adhesivos para oficina, grapadoras y grapas, broches para papel, alfileres para dibujo, etc.;
- Materiales de dibujo y pintura, como telas, papel, cartón, pinturas, lápices blandos para colorear, pasteles y pinceles.

Incluye: cartuchos de tóner y de tinta, materiales educativos como libros con ejercicios, reglas de cálculo, instrumentos de geometría, pizarras, tiza y estuches para lápices.",Excluye: calculadoras de bolsillo (09.1.3).
"09.6",Paquetes turísticos,,
"09.6.0",Paquetes turísticos (S),"- Vacaciones o viajes con todo incluido, a saber, viaje, comida, alojamiento, guías, etcétera.

Incluye: viajes de excursión de medio día y un día de duración; peregrinajes.",
"10",Educación,"Esta división abarca sólo los servicios de educación. No incluye los gastos en material docente, como los libros (09.5.1) y el papel y útiles de oficina (09.5.4) o los servicios de apoyo a la educación, como los servicios de atención de la salud (06), los servicios de transporte (07.3), los servicios de suministro de comidas por contrato (11.1.2) y los servicios de alojamiento (11.2.0).

Incluye la educación mediante programas emitidos por radio o televisión.

El desglose de los servicios de educación se basa en las categorías de 1997 de la Clasificación Internacional Normalizada de la Educación (CINE-97) de la Organización de las Naciones Unidas para la Educación, la Ciencia y la Cultura (UNESCO).",
"10.1",Enseñanza preescolar y enseñanza primaria,,
"10.1.0",Enseñanza preescolar y enseñanza primaria (S),"- Niveles 0 y 1 de la CINE-97: enseñanza preescolar y primaria.

Incluye: programas de alfabetización para alumnos de edad muy superior a la que corresponde a la escuela primaria.",
"10.2",Enseñanza secundaria,,
"10.2.0",Enseñanza secundaria (S),"- Niveles 2 y 3 de la CINE-97: primer y segundo ciclo de enseñanza secundaria.

Incluye: enseñanza secundaria extraescolar para adultos y jóvenes.",
"10.3","Enseñanza postsecundaria, no terciaria",,
"10.3.0","Enseñanza postsecundaria, no terciaria (S)","- Nivel 4 de la CINE-97: enseñanza postsecundaria, no terciaria.

Incluye: enseñanza postsecundaria, no terciaria, extraescolar para adultos y jóvenes.",
"10.4",Enseñanza terciaria,,
"10.4.0",Enseñanza terciaria (S),- Niveles 5 y 6 de la CINE-97: primer y segundo ciclo de la enseñanza terciaria.,
"10.5",Enseñanza no atribuible a ningún nivel,,
"10.5.0",Enseñanza no atribuible a ningún nivel (S),"- Programas educativos, generalmente para adultos, que no requieren ninguna instrucción previa especial, en particular la capacitación profesional y el desarrollo cultural.","Excluye: lecciones de conducción (07.2.4); clases de deportes y juegos como el bridge, a cargo de profesores privados (09.4.1)."
"11",Restaurantes y hoteles,,
"11.1",Servicios de suministro de comidas por contrato,,
"11.1.1","Restaurantes, cafés y establecimientos similares (S)","- Servicios de suministro de comidas por contrato (comidas, refrigerios, bebidas y refrescos) servidos por restaurantes, cafés, bufés, bares, salones de té, etcétera, incluidos los suministrados:
- En lugares que proporcionen servicios recreativos, culturales, deportivos o espectáculos: teatros, cines, estadios deportivos, piscinas, complejos deportivos, museos, galerías de arte, clubes nocturnos, salas de baile, etcétera;
- En medios de transporte público (autobuses, trenes, barcos, aviones, etcétera) cuando se pagan por separado;

Incluye asimismo:
- La venta de productos alimenticios y bebidas para el consumo inmediato en quioscos, puesto de vendedores ambulantes y lugares similares, incluidos los productos alimenticios y las bebidas que se venden listos para el consumo en máquinas automáticas;
- La venta de platos cocinados en restaurantes, para el consumo fuera de sus locales;
- La venta de platos cocinados por contratistas de servicios de suministros de comidas, ya se entreguen en el domicilio del cliente o sean recogidos personalmente por éste.

Incluye: las propinas.",Excluye: las compras de tabaco (02.2.0); las llamadas telefónicas (08.3.0).
"11.1.2",Comedores (S),"- Servicios de suministro de comidas en comedores de empresas, oficinas y escuelas, universidades y otros centros de enseñanza.

Incluye: los comedores universitarios, los de tropa y de oficiales del ejército.",Excluye: los alimentos y las bebidas que se sirven a los enfermos hospitalizados (06.3.0).
"11.2",Servicios de alojamiento,,
"11.2.0",Servicios de alojamiento (S),"- Servicios de alojamiento en:
* Hoteles, pensiones, moteles, posadas y hostales;
* Poblados y centros de vacaciones, terrenos para camping y caravanas, albergues juveniles y chalés de montaña;
* Internados, universidades y otros centros docentes;
* Transporte público (trenes, barcos, etcétera) cuando se pagan los servicios por separado;
* Albergues para jóvenes trabajadores o inmigrantes.

Incluye: propinas y maleteros.","Excluye: pagos realizados por familias que ocupan una habitación de hotel o pensión como residencia principal (04.1.1); alquileres pagados por familias como residencia secundaria durante las vacaciones (04.1.2), llamadas telefónicas (08.3.0); servicios de suministro de comidas por contrato en dichos establecimientos, excepto el desayuno u otras comidas que estén incluidas en el precio del alojamiento (11.1.1); alojamiento en orfanatos u hogares para personas discapacitadas e inadaptadas (12.4.0)."
"12",Bienes y servicios diversos,,
"12.1",Cuidado personal,,
"12.1.1",Salones de peluquería y establecimientos de cuidados personales (S),"- Salones de peluquería, barberías, salones de belleza, manicuras, pedicuros, baños turcos, saunas, solarios, masajes no terapéuticos, etcétera.

Incluye: cuidados corporales, depilación y servicios similares.",Excluye: balnearios (06.2.3) o (06.3.0); gimnasios (09.4.1).
"12.1.2",Aparatos eléctricos para el cuidado personal (D),"- Máquinas de afeitar y de cortar el pelo eléctricas, secadores de pelo de mano y de casco, tenazas para rizar el cabello y peines para marcar, lámparas ultravioletas, vibradores, cepillos de dientes eléctricos y otros aparatos eléctricos para la higiene dental, etcétera;
- Reparación de dichos aparatos.",
"12.1.3","Otros aparatos, artículos y productos para la atención personal (ND)","- Aparatos no eléctricos: máquinas de afeitar y de cortar el pelo y cuchillas para las mismas, tijeras, limas de uñas, peines, brochas de afeitar, cepillos del pelo, cepillos de dientes, cepillos para las uñas, horquillas para el pelo, rizadores de pelo, balanzas personales y pesabebés, etcétera;
- Artículos para la higiene personal: jabón de tocador, jabón medicinal, aceite y leche limpiadores, jabón de afeitar, crema y espuma de afeitar, pasta de dientes, etcétera;
- Productos de belleza: barras de labios, barniz de las uñas, productos de maquillaje y de eliminación del mismo (incluidos los polvos de tocador compactos, los cepillos y las brochas para la aplicación de los polvos de tocador), lacas y lociones para el cabello, productos para antes y después del afeitado, bronceadores para el sol, depiladores, perfumes y agua de colonia, desodorantes personales, productos para el baño, etcétera;
- Otros productos: papel higiénico, pañuelos y toallas de papel, paños higiénicos, algodón, tapones de algodón, pañales, esponjas de baño, etcétera.",Excluye: pañuelos de tela (03.1.3).
"12.2",Prostitución,,
"12.2.0",Prostitución (S),- Servicios facilitados por prostitutas y otros servicios.,
"12.3",Efectos personales n.e.p.,,
"12.3.1","Joyería, relojes de pared y relojes de pulsera (D)","- Piedras y metales preciosos y joyas fabricadas con dichas piedras y metales;
- Bisutería, gemelos y alfileres de corbata;
- Relojes de pared, relojes de pulsera, cronómetros, despertadores, relojes de viaje;
- Reparación de esos artículos.","Excluye: ornamentos (05.1.1) o (05.4.0); radiorrelojes (09.1.1); piedras y metales preciosos y joyas fabricadas de dichas piedras y metales, adquiridas sobre todo como objetos de valor (para la formación de capital)."
"12.3.2",Otros efectos personales (SD),"- Artículos de viajes y otros artículos para el transporte de efectos personales: maletas, baúles, bolsas de viaje, maletines, carteras, bolsas, billeteras, bolsos, etcétera;
- Artículos para bebés: cochecitos de niño, sillitas, cestos, hamaquitas, cunas y asientos para el coche, portabebés delanteros y de espalda, correas y andadores, etcétera;
- Artículos para fumador: pipas, encendedores, pitilleras, cortapuros, etcétera;
- Artículos personales varios: gafas de sol, bastones, paraguas y sombrillas, abanicos, llaveros, etcétera;
- Artículos de funeraria: ataúdes, lápidas, urnas, etcétera;
- Reparación de dichos artículos.

Incluye: recargas de gas para encendedores, termómetros de pared y barómetros.",Excluye: muebles para el bebé (05.1.1); bolsas de compra (05.2.0); biberones (05.4.0).
"12.4",Protección social,"La protección social definida en este apartado abarca los servicios de asistencia y apoyo prestados a las siguientes personas: ancianos, discapacitados, afectados por accidentes y enfermedades ocupacionales, supervivientes, desempleados, indigentes, sin hogar, de muy bajos ingresos, población indígena, inmigrantes, refugiados, personas que abusan del alcohol y de las drogas etcétera. Incluyen también los servicios de asistencia y apoyo facilitados a las familias y a los niños.",
"12.4.0",Protección social (S),"Estos servicios incluyen la atención en instituciones, la ayuda prestada en los propios hogares, guarderías y servicios de rehabilitación. De forma más específica, en este apartado se incluyen los pagos realizados por las familias para:
- Hogares de jubilación para las personas de edad avanzada, residencias para personas discapacitadas, centros de rehabilitación que proporcionen ayuda a pacientes durante períodos largos de tiempo más bien que asistencia sanitaria y terapia de rehabilitación, escuelas para personas incapacitadas donde el principal objetivo sea ayudar a los alumnos a superar su incapacidad;
- Ayudar a mantener en sus hogares a las personas de edad incapacitadas (servicios de limpieza del hogar, programas de comidas, guarderías, servicios de guarderías y de vacaciones);
- Nodrizas, casas cuna, hogares de recreo y otras instalaciones para el cuidado de los niños;
- Servicios consultivos, de orientación, arbitraje, servicios de acogida y adopción para las familias.",
"12.5",Seguros,"Los cargos por servicio de los seguros se clasifican de acuerdo con la naturaleza de dichos seguros, a saber: seguros de vida y otros seguros (por ejemplo seguros en relación con la vivienda, la salud, el transporte, etcétera). Los cargos por servicio de los seguros multirriesgo, que cubran varios riesgos, deberán clasificarse según el costo del riesgo principal, si no se pueden atribuir los cargos por servicio a los distintos riesgos cubiertos.

Se define el cargo por servicio como la diferencia entre las indemnizaciones debidas y las primas ganadas y las primas suplementarias.",
"12.5.1",Seguro de vida (S),"- Los cargos por servicio correspondientes al seguro de vida, al seguro de prestación en caso de fallecimiento, al seguro de educación, etcétera.",
"12.5.2",Seguro relacionado con la vivienda (S),"- Cargos por servicio pagados por los propietarios ocupantes de una vivienda y por los inquilinos, correspondientes a los tipos de seguro que habitualmente suscriben los inquilinos, contra incendio, robo, daños provocados por el agua, etcétera.",Excluye: cargos por servicio pagados por los propietarios ocupantes de una vivienda correspondientes a los tipos de seguro que habitualmente suscriben los propietarios (consumo intermedio).
"12.5.3",Seguro relacionado con la salud (S),- Cargos por servicio correspondientes al seguro de enfermedad y accidentes.,
"12.5.4",Seguro relacionado con el transporte (S),"- Cargos por servicio correspondientes a seguros relacionados con el equipo de transporte personal;
- Cargos por servicio correspondientes al seguro de viaje y equipaje.",
"12.5.5",Otros seguros (S),- Cargos por servicio correspondientes a otros seguros como el de responsabilidad civil por lesiones o daños a terceros o a su propiedad.,Excluye: responsabilidad civil o daños a terceros o a su propiedad derivados del funcionamiento del equipo de transporte personal (12.5.4).
"12.6",Servicios financieros n.e.p.,,
"12.6.1",SIFMI (S),- Servicios de intermediación financiera medidos indirectamente.,
"12.6.2",Otros servicios financieros n.e.p. (S),"- Costos reales de los servicios financieros de los bancos, oficinas de correo, cajas de ahorro, bancos de cambio de divisas e instituciones financieras similares;
- Honorarios y cargos por servicio de agentes, asesores de inversión, consultores fiscales y servicios similares;
- Costos administrativos de los fondos privados de pensiones y servicios similares.",
"12.7",Otros servicios n.e.p.,,
"12.7.0",Otros servicios n.e.p. (S),"- Honorarios por servicios de asesoramiento jurídico, agencias de contratación de personal, etcétera;
- Gastos en pompas fúnebres y en otros servicios de funerales;
- Pago por servicios de agentes inmobiliarios, de viviendas, subastadores, operadores de ventas y otros intermediarios;
- Pago por fotocopias y otras reproducciones de documentos;
- Honorarios por la emisión de certificados de nacimiento, matrimonio y muerte y otros documentos administrativos;
- Pago por noticias y anuncios en la prensa;
- Pago por los servicios de grafólogos, astrólogos, detectives privados, guardaespaldas, agencias matrimoniales y asesores de orientación matrimonial, escribanos, concesionarios varios (de asientos, retretes, guardarropas), etcétera.",
"13",Gasto de consumo individual de las instituciones sin fines de lucro que sirven a los hogares (ISFLSH),,
"13.1",Vivienda,"La misma función que la correspondiente al Grupo 01.0 de la CFISFL.

Este grupo corresponde al Grupo 04.1 (gasto de consumo individual de los hogares en alquileres reales de viviendas) y al Grupo 14.1 (gasto de consumo individual del gobierno general en viviendas).",
"13.1.0",Vivienda (S),"- Tal como se especifica en la CFISFL, 01.0.0. Corresponde a (04.1.1) y (14.1.0).",
"13.2",Salud,"La misma función que la correspondiente a los Grupos 02.1 a 02.6 de la CFISFL.

Este grupo corresponde a la División 06 (gasto de consumo individual de los hogares en salud) y al Grupo 14.2 (gasto de consumo individual del gobierno general en salud).",
"13.2.1",Productos farmacéuticos (ND),"- Tal como se especifica en CFISFL, 02.1.1. Corresponde a (06.1.1) y (14.2.1).",
"13.2.2",Otros productos médicos (ND),"- Tal como se especifica en CFISFL, 02.1.2. Corresponde a (06.1.2) y (14.2.2).",
"13.2.3",Aparatos y equipo terapéuticos (D),"- Tal como se especifica en CFISFL, 02.1.3. Corresponde a (06.1.3) y (14.2.3).",
"13.2.4",Servicios médicos ambulatorios (S),"- Tal como se especifica en CFISFL, 02.2.1. Corresponde a (06.2.1) y (14.2.4).",
"13.2.5",Servicios dentales ambulatorios (S),"- Tal como se especifica en CFISFL, 02.2.2. Corresponde a (06.2.2) y (14.2.5).",
"13.2.6",Servicios paramédicos ambulatorios (S),"- Tal como se especifica en CFISFL, 02.2.3. Corresponde a (06.2.3) y (14.2.6).",
"13.2.7",Servicios hospitalarios (S),"- Tal como se especifica en CFISFL, 02.3.0. Corresponde a (06.3.0) y (14.2.7).",
"13.2.8",Otros servicios de salud (S),"- Tal como se especifica en CFISFL, 02.4.0, 02.5.0 y 02.6.0.",
"13.3",Actividades recreativas y culturales,"La misma función que la correspondiente a los Grupos 03.1 y 03.2 de la CFISFL.

Este grupo corresponde al Grupo 09.4 (gastos de consumo individual de las familias en servicios recreativos y culturales) y al Grupo 14.3 (gastos de consumo individual del gobierno general en actividades recreativas y culturales).",
"13.3.1",Servicios recreativos y deportivos (S),"- Tal como se especifica en CFISFL, 03.1.0. Corresponde a (09.4.1) y (14.3.1).",
"13.3.2",Servicios culturales (S),"- Tal como se especifica en CFISFL, 03.2.0. Corresponde a (09.4.2) y (14.3.2).",
"13.4",Educación,"La misma función que la correspondiente a los Grupos 04.1 a 04.7 de la CFISFL.

Este grupo corresponde a la División 10 (gasto de consumo individual de los hogares en educación) y al Grupo 14.4 (gasto de consumo individual del gobierno general en educación).",
"13.4.1",Enseñanza preescolar y primaria (S),"- Tal como se especifica en la CFISFL, 04.1.0. Corresponde a (10.1.0) y (14.4.1).",
"13.4.2",Enseñanza secundaria (S),"- Tal como se especifica en CFISFL, 04.2.0. Corresponde a (10.2.0) y (14.4.2).",
"13.4.3","Enseñanza postsecundaria, no terciaria (S)","- Tal como se especifica en CFISFL, 04.3.0. Corresponde a (10.3.0) y (14.4.3).",
"13.4.4",Enseñanza terciaria (S),"- Tal como se especifica en CFISFL, 04.4.0. Corresponde a (10.4.0) y (14.4.4).",
"13.4.5",Enseñanza no atribuible a ningún nivel (S),"- Tal como se especifica en CFISFL, 04.5.0. Corresponde a (10.5.0) y (14.4.5).",
"13.4.6",Otros servicios educativos (S),"- Tal como se especifica en CFISFL, 04.6.0 y 04.7.0.",
"13.5",Protección social,"La misma función que la correspondiente a los Grupos 05.1 y 05.2 de la CFISFL.

Este grupo corresponde al Grupo 12.4 (gasto de consumo individual de los hogares en protección social) y al Grupo 14.5 (gasto de consumo individual del gobierno general en protección social).",
"13.5.0",Protección social (S),"- Tal como se especifica en CFISFL, 05.1.0 y 05.2.0. Corresponde a (12.4.0) y (14.5.0).",
"13.6",Otros servicios,"Estas funciones corresponden a los Grupos 06.0, 07.1, 07.2, 07.3, 08.1, 08.2, 09.1 y 09.2 de la CFISFL.

Este grupo no tiene contrapartida en las Divisiones 01 a 12 (gasto de consumo individual de los hogares) o en la División 14 (gasto de consumo individual del gobierno general).",
"13.6.1",Religión (S),"- Tal como se especifica en CFISFL, 06.0.0.",
"13.6.2","Partidos políticos, organizaciones laborales y profesionales (S)","- Tal como se especifica en CFISFL, 07.1.0, 07.2.0 y 07.3.0.",
"13.6.3",Protección ambiental (S),"- Tal como se especifica en CFISFL, 08.1.0 y 08.2.0.",
"13.6.4",Servicios n.e.p. (S),"- Tal como se especifica en CFISFL, 09.1.0 y 09.2.0.",
"14",Gasto de consumo individual del gobierno general,,
"14.1",Vivienda,"La misma función que la correspondiente al Grupo 10.6 de la CFISFL.

Este grupo corresponde al Grupo 04.1 (gasto de consumo individual de los hogares en alquileres reales de viviendas) y al Grupo 13.1 (gasto de consumo individual de las ISFLSH en vivienda).",
"14.1.0",Vivienda (S),"- Tal como se especifica en CFISFL, 10.6.0. Corresponde a (04.1.1) y (13.1.0).",
"14.2",Salud,"La misma función que la correspondiente a los Grupos 07.1 a 07.4 de la CFISFL.

Este grupo corresponde a la División 06 (gasto de consumo individual de los hogares en salud) y al Grupo 13.2 (gasto de consumo individual de las ISFLSH en salud).",
"14.2.1",Productos farmacéuticos (ND),"- Tal como se especifica en CFG, 07.1.1. Corresponde a (06.1.1) y a (13.2.1).",
"14.2.2",Otros productos médicos (ND),"- Tal como se especifica en CFG, 07.1.2. Corresponde a (06.1.2) y (13.2.2).",
"14.2.3",Instrumentos y equipo terapéuticos (D),"- Tal como se especifica en CFG, 07.1.3. Corresponde a (06.1.3) y (13.2.3).",
"14.2.4",Servicios médicos ambulatorios (S),"- Tal como se especifica en CFG, 07.2.1 y 07.2.2. Corresponde a (06.2.1) y (13.2.4).",
"14.2.5",Servicios dentales ambulatorios (S),"- Tal como se especifica en CFG, 07.2.3. Corresponde a (06.2.2) y (13.2.5).",
"14.2.6",Servicios paramédicos ambulatorios (S),"- Tal como se especifica en CFG, 07.2.4. Corresponde a (06.2.3) y (13.2.6).",
"14.2.7",Servicios hospitalarios (S),"- Tal como se especifica en CFG, 07.3.1, 07.3.2, 07.3.3 y 07.3.4. Corresponde a (06.3.0) y (13.2.6).",
"14.2.8",Servicios de salud pública (S),"- Tal como se especifica en CFG, 07.4.0.",
"14.3",Actividades recreativas y culturales,"La misma función que la correspondiente a los Grupos 08.1 y 08.2 de la CFG.

Este grupo corresponde al Grupo 09.4 (gastos de consumo individual de los hogares en servicios recreativos y culturales) y al Grupo 13.3 (gasto de consumo individual de las ISFLSH en actividades recreativas y culturales).",
"14.3.1",Servicios recreativos y deportivos (S),"- Tal como se especifica en CFG, 08.1.0. Corresponde a (09.4.1) y (13.3.1).",
"14.3.2",Servicios culturales (S),"- Tal como se especifica en CFG, 08.2.0. Corresponde a (09.4.2) y (13.3.2).",
"14.4",Educación,"La misma función que la correspondiente a los Grupos 09.1 a 09.5 de la CFG.

Este grupo corresponde a la División 10 (gasto de consumo individual de los hogares en educación), Grupo 13.4 (gasto de consumo individual de las ISFLSH en educación).",
"14.4.1",Enseñanza preescolar y primaria (S),"- Tal como se especifica en CFG, 09.1.1 y 09.1.2. Corresponde a (10.1.0) y (13.4.1).",
"14.4.2",Enseñanza secundaria (S),"- Tal como se especifica en CFG, 09.2.1 y 09.2.2. Corresponde a (10.2.0) y (13.4.2).",
"14.4.3","Enseñanza postsecundaria, no terciaria (S)","- Tal como se especifica en CFG, 09.3.0. Corresponde a (10.3.0) y (13.4.3).",
"14.4.4",Enseñanza terciaria (S),"- Tal como se especifica en CFG, 09.4.1 y 09.4.2. Corresponde a (10.4.0) y (13.4.4).",
"14.4.5",Enseñanza no atribuible a ningún nivel (S),"- Tal como se especifica en CFG, 09.5.0. Corresponde a (10.5.0) y (13.4.5).",
"14.4.6",Servicios subsidiarios de educación (S),"- Tal como se especifica en CFG, 09.6.0.",
"14.5",Protección social,"La misma función corresponde a los Grupos 10.1 a 10.5 y al Grupo 10.7 de la CFG.

Este grupo corresponde al Grupo 12.4 (gasto de consumo individual de los hogares en protección social) y al Grupo 13.5 (gasto de consumo individual de las ISFLSH en protección social).",
"14.5.0",Protección social (S),"- Tal como se especifica en CFG, 10.1.1 a 10.5.0 y 10.7.0. Corresponde a (12.4.0) y (13.5.0).",
